alpha_vulnerable,alpha_safe,baseline,method,outcome,projects,nonzero_projects,median_paired_difference,hodges_lehmann_paired_shift,bootstrap_median_ci_lower,bootstrap_median_ci_upper,favorable_direction,wins,ties,losses,common_language_win_rate_excluding_ties,exact_sign_p,wilcoxon_exact_p,holm_adjusted_wilcoxon_p
0.01,0.05,unweighted_mondrian,vultriage_clip_20,vulnerable_violation,12,4,0.0,-0.00149350649350645,-0.01005282852740472,0.0,lower,4,8,0,1.0,0.125,,
0.01,0.05,unweighted_mondrian,vultriage_clip_20,safe_violation,12,6,-0.0024299065420560597,-0.00630904183535759,-0.02701288095784386,0.0,lower,6,6,0,1.0,0.03125,,
0.01,0.05,unweighted_mondrian,vultriage_clip_20,absolute_target_difference_sum,12,12,0.013740809325161762,0.010164252864386224,-0.015690667707656814,0.03685789004698932,lower,3,0,9,0.25,0.14599609375,0.30126953125,1.0
0.01,0.05,unweighted_mondrian,vultriage_clip_20,singleton_coverage,12,12,-0.15101125833755485,-0.17787593438315286,-0.23535473503583873,-0.13495466253260013,higher,0,0,12,0.0,0.00048828125,0.00048828125,0.001953125
0.01,0.05,unweighted_mondrian,vultriage_clip_20,review_load,12,12,0.1510112583375549,0.17787593438315286,0.13495466253260013,0.2353547350358387,lower,0,0,12,0.0,0.00048828125,0.00048828125,0.001953125
0.01,0.05,unweighted_mondrian,estimated_weight_no_support_clip_20,vulnerable_violation,12,5,0.0,-0.00149350649350645,-0.01005282852740472,0.0,lower,4,7,1,0.8,0.375,,
0.01,0.05,unweighted_mondrian,estimated_weight_no_support_clip_20,safe_violation,12,7,0.0,0.0,-0.005209117747363819,0.0004723346828610104,lower,4,5,3,0.5714285714285714,1.0,,
0.01,0.05,unweighted_mondrian,estimated_weight_no_support_clip_20,absolute_target_difference_sum,12,12,-0.0049947191040831986,-0.011167275324051401,-0.027919904528583443,0.0052711945538316,lower,6,0,6,0.5,1.0,0.26611328125,1.0
0.01,0.05,unweighted_mondrian,estimated_weight_no_support_clip_20,singleton_coverage,12,12,-0.06373128824300699,-0.08770023545153802,-0.12660590628016727,-0.05834542193313348,higher,0,0,12,0.0,0.00048828125,0.00048828125,0.001953125
0.01,0.05,unweighted_mondrian,estimated_weight_no_support_clip_20,review_load,12,12,0.06373128824300689,0.08770023545153804,0.05834542193313341,0.12660590628016727,lower,0,0,12,0.0,0.00048828125,0.00048828125,0.001953125
0.01,0.05,unweighted_mondrian,msp_matched_vultriage,vulnerable_violation,12,4,0.0,-0.00149350649350645,-0.01005282852740472,0.0,lower,4,8,0,1.0,0.125,,
0.01,0.05,unweighted_mondrian,msp_matched_vultriage,safe_violation,12,6,-0.0024299065420560597,-0.00630904183535759,-0.02701288095784386,0.0,lower,6,6,0,1.0,0.03125,,
0.01,0.05,unweighted_mondrian,msp_matched_vultriage,absolute_target_difference_sum,12,12,0.013740809325161762,0.010164252864386224,-0.015690667707656814,0.03685789004698932,lower,3,0,9,0.25,0.14599609375,0.30126953125,1.0
0.01,0.05,unweighted_mondrian,msp_matched_vultriage,singleton_coverage,12,12,-0.15101125833755485,-0.17787593438315286,-0.23535473503583873,-0.13495466253260013,higher,0,0,12,0.0,0.00048828125,0.00048828125,0.001953125
0.01,0.05,unweighted_mondrian,msp_matched_vultriage,review_load,12,12,0.1510112583375549,0.17787593438315286,0.13495466253260013,0.2353547350358387,lower,0,0,12,0.0,0.00048828125,0.00048828125,0.001953125
0.01,0.05,unweighted_mondrian,prom_compatible_lac_matched_vultriage,vulnerable_violation,12,4,0.0,-0.00149350649350645,-0.01005282852740472,0.0,lower,4,8,0,1.0,0.125,,
0.01,0.05,unweighted_mondrian,prom_compatible_lac_matched_vultriage,safe_violation,12,6,-0.0024299065420560597,-0.00630904183535759,-0.02701288095784386,0.0,lower,6,6,0,1.0,0.03125,,
0.01,0.05,unweighted_mondrian,prom_compatible_lac_matched_vultriage,absolute_target_difference_sum,12,12,0.013740809325161762,0.010164252864386224,-0.015690667707656814,0.03685789004698932,lower,3,0,9,0.25,0.14599609375,0.30126953125,1.0
0.01,0.05,unweighted_mondrian,prom_compatible_lac_matched_vultriage,singleton_coverage,12,12,-0.15101125833755485,-0.17787593438315286,-0.23535473503583873,-0.13495466253260013,higher,0,0,12,0.0,0.00048828125,0.00048828125,0.001953125
0.01,0.05,unweighted_mondrian,prom_compatible_lac_matched_vultriage,review_load,12,12,0.1510112583375549,0.17787593438315286,0.13495466253260013,0.2353547350358387,lower,0,0,12,0.0,0.00048828125,0.00048828125,0.001953125
0.01,0.1,unweighted_mondrian,vultriage_clip_20,vulnerable_violation,12,4,0.0,-0.00149350649350645,-0.01005282852740472,0.0,lower,4,8,0,1.0,0.125,,
0.01,0.1,unweighted_mondrian,vultriage_clip_20,safe_violation,12,6,-0.00657543391188249,-0.02312937707335051,-0.06643231686269178,0.0,lower,6,6,0,1.0,0.03125,,
0.01,0.1,unweighted_mondrian,vultriage_clip_20,absolute_target_difference_sum,12,12,0.044558026980607734,0.03365040232884012,-0.006994290777893389,0.06334109201844507,lower,3,0,9,0.25,0.14599609375,0.0341796875,0.13671875
0.01,0.1,unweighted_mondrian,vultriage_clip_20,singleton_coverage,12,12,-0.22402130105416374,-0.23903334532611742,-0.28713673681983065,-0.19724370354430604,higher,0,0,12,0.0,0.00048828125,0.00048828125,0.001953125
0.01,0.1,unweighted_mondrian,vultriage_clip_20,review_load,12,12,0.22402130105416368,0.23903334532611742,0.1972437035443061,0.2871367368198307,lower,0,0,12,0.0,0.00048828125,0.00048828125,0.001953125
0.01,0.1,unweighted_mondrian,estimated_weight_no_support_clip_20,vulnerable_violation,12,5,0.0,-0.00149350649350645,-0.01005282852740472,0.0,lower,4,7,1,0.8,0.375,,
0.01,0.1,unweighted_mondrian,estimated_weight_no_support_clip_20,safe_violation,12,7,0.0,0.0,-0.019557890052233372,0.0021255060728744765,lower,4,5,3,0.5714285714285714,1.0,,
0.01,0.1,unweighted_mondrian,estimated_weight_no_support_clip_20,absolute_target_difference_sum,12,12,-0.011679577094841766,-0.015972964648573656,-0.03705972841717427,0.0033941499953843296,lower,7,0,5,0.5833333333333334,0.7744140625,0.17626953125,0.17626953125
0.01,0.1,unweighted_mondrian,estimated_weight_no_support_clip_20,singleton_coverage,12,12,-0.0707797832624743,-0.08509184531611211,-0.12384329618372171,-0.060357055947814986,higher,0,0,12,0.0,0.00048828125,0.00048828125,0.001953125
0.01,0.1,unweighted_mondrian,estimated_weight_no_support_clip_20,review_load,12,12,0.0707797832624743,0.08509184531611219,0.060357055947814986,0.12384329618372181,lower,0,0,12,0.0,0.00048828125,0.00048828125,0.001953125
0.01,0.1,unweighted_mondrian,msp_matched_vultriage,vulnerable_violation,12,4,0.0,-0.00149350649350645,-0.01005282852740472,0.0,lower,4,8,0,1.0,0.125,,
0.01,0.1,unweighted_mondrian,msp_matched_vultriage,safe_violation,12,6,-0.00657543391188249,-0.02312937707335051,-0.06643231686269178,0.0,lower,6,6,0,1.0,0.03125,,
0.01,0.1,unweighted_mondrian,msp_matched_vultriage,absolute_target_difference_sum,12,12,0.044558026980607734,0.03365040232884012,-0.006994290777893389,0.06334109201844507,lower,3,0,9,0.25,0.14599609375,0.0341796875,0.13671875
0.01,0.1,unweighted_mondrian,msp_matched_vultriage,singleton_coverage,12,12,-0.22402130105416374,-0.23903334532611742,-0.28713673681983065,-0.19724370354430604,higher,0,0,12,0.0,0.00048828125,0.00048828125,0.001953125
0.01,0.1,unweighted_mondrian,msp_matched_vultriage,review_load,12,12,0.22402130105416368,0.23903334532611742,0.1972437035443061,0.2871367368198307,lower,0,0,12,0.0,0.00048828125,0.00048828125,0.001953125
0.01,0.1,unweighted_mondrian,prom_compatible_lac_matched_vultriage,vulnerable_violation,12,4,0.0,-0.00149350649350645,-0.01005282852740472,0.0,lower,4,8,0,1.0,0.125,,
0.01,0.1,unweighted_mondrian,prom_compatible_lac_matched_vultriage,safe_violation,12,6,-0.00657543391188249,-0.02312937707335051,-0.06643231686269178,0.0,lower,6,6,0,1.0,0.03125,,
0.01,0.1,unweighted_mondrian,prom_compatible_lac_matched_vultriage,absolute_target_difference_sum,12,12,0.044558026980607734,0.03365040232884012,-0.006994290777893389,0.06334109201844507,lower,3,0,9,0.25,0.14599609375,0.0341796875,0.13671875
0.01,0.1,unweighted_mondrian,prom_compatible_lac_matched_vultriage,singleton_coverage,12,12,-0.22402130105416374,-0.23903334532611742,-0.28713673681983065,-0.19724370354430604,higher,0,0,12,0.0,0.00048828125,0.00048828125,0.001953125
0.01,0.1,unweighted_mondrian,prom_compatible_lac_matched_vultriage,review_load,12,12,0.22402130105416368,0.23903334532611742,0.1972437035443061,0.2871367368198307,lower,0,0,12,0.0,0.00048828125,0.00048828125,0.001953125
0.01,0.2,unweighted_mondrian,vultriage_clip_20,vulnerable_violation,12,4,0.0,-0.00149350649350645,-0.01005282852740472,0.0,lower,4,8,0,1.0,0.125,,
0.01,0.2,unweighted_mondrian,vultriage_clip_20,safe_violation,12,7,-0.02210913149500563,-0.05313450844927966,-0.12006738213587645,0.0,lower,7,5,0,1.0,0.015625,,
0.01,0.2,unweighted_mondrian,vultriage_clip_20,absolute_target_difference_sum,12,12,0.10905318182896061,0.10366155930561621,0.050166186487009864,0.15715693212422258,lower,0,0,12,0.0,0.00048828125,0.00048828125,0.001953125
0.01,0.2,unweighted_mondrian,vultriage_clip_20,singleton_coverage,12,12,-0.3448547178168845,-0.35729192501534857,-0.4085373158385391,-0.29547682813640264,higher,0,0,12,0.0,0.00048828125,0.00048828125,0.001953125
0.01,0.2,unweighted_mondrian,vultriage_clip_20,review_load,12,12,0.3448547178168845,0.35729192501534857,0.2954768281364026,0.40853731583853903,lower,0,0,12,0.0,0.00048828125,0.00048828125,0.001953125
0.01,0.2,unweighted_mondrian,estimated_weight_no_support_clip_20,vulnerable_violation,12,5,0.0,-0.00149350649350645,-0.01005282852740472,0.0,lower,4,7,1,0.8,0.375,,
0.01,0.2,unweighted_mondrian,estimated_weight_no_support_clip_20,safe_violation,12,8,0.0,-0.0035716852317642794,-0.03299615862085116,0.0033400809716599353,lower,5,4,3,0.625,0.7265625,,
0.01,0.2,unweighted_mondrian,estimated_weight_no_support_clip_20,absolute_target_difference_sum,12,12,-0.027252193938562777,-0.024180796851127298,-0.05040861868820324,0.00611738253174908,lower,7,0,5,0.5833333333333334,0.7744140625,0.26611328125,0.26611328125
0.01,0.2,unweighted_mondrian,estimated_weight_no_support_clip_20,singleton_coverage,12,12,-0.07901806945649786,-0.08612580732656111,-0.11877112641328424,-0.06169096495815901,higher,1,0,11,0.08333333333333333,0.00634765625,0.00341796875,0.00341796875
0.01,0.2,unweighted_mondrian,estimated_weight_no_support_clip_20,review_load,12,12,0.07901806945649781,0.08612580732656114,0.06169096495815907,0.11877112641328419,lower,1,0,11,0.08333333333333333,0.00634765625,0.00341796875,0.00341796875
0.01,0.2,unweighted_mondrian,msp_matched_vultriage,vulnerable_violation,12,4,0.0,-0.00149350649350645,-0.01005282852740472,0.0,lower,4,8,0,1.0,0.125,,
0.01,0.2,unweighted_mondrian,msp_matched_vultriage,safe_violation,12,7,-0.02210913149500563,-0.05313450844927966,-0.12006738213587645,0.0,lower,7,5,0,1.0,0.015625,,
0.01,0.2,unweighted_mondrian,msp_matched_vultriage,absolute_target_difference_sum,12,12,0.10905318182896061,0.10366155930561621,0.050166186487009864,0.15715693212422258,lower,0,0,12,0.0,0.00048828125,0.00048828125,0.001953125
0.01,0.2,unweighted_mondrian,msp_matched_vultriage,singleton_coverage,12,12,-0.3448547178168845,-0.35729192501534857,-0.4085373158385391,-0.29547682813640264,higher,0,0,12,0.0,0.00048828125,0.00048828125,0.001953125
0.01,0.2,unweighted_mondrian,msp_matched_vultriage,review_load,12,12,0.3448547178168845,0.35729192501534857,0.2954768281364026,0.40853731583853903,lower,0,0,12,0.0,0.00048828125,0.00048828125,0.001953125
0.01,0.2,unweighted_mondrian,prom_compatible_lac_matched_vultriage,vulnerable_violation,12,4,0.0,-0.00149350649350645,-0.01005282852740472,0.0,lower,4,8,0,1.0,0.125,,
0.01,0.2,unweighted_mondrian,prom_compatible_lac_matched_vultriage,safe_violation,12,7,-0.02210913149500563,-0.05313450844927966,-0.12006738213587645,0.0,lower,7,5,0,1.0,0.015625,,
0.01,0.2,unweighted_mondrian,prom_compatible_lac_matched_vultriage,absolute_target_difference_sum,12,12,0.10905318182896061,0.10366155930561621,0.050166186487009864,0.15715693212422258,lower,0,0,12,0.0,0.00048828125,0.00048828125,0.001953125
0.01,0.2,unweighted_mondrian,prom_compatible_lac_matched_vultriage,singleton_coverage,12,12,-0.3448547178168845,-0.35729192501534857,-0.4085373158385391,-0.29547682813640264,higher,0,0,12,0.0,0.00048828125,0.00048828125,0.001953125
0.01,0.2,unweighted_mondrian,prom_compatible_lac_matched_vultriage,review_load,12,12,0.3448547178168845,0.35729192501534857,0.2954768281364026,0.40853731583853903,lower,0,0,12,0.0,0.00048828125,0.00048828125,0.001953125
0.05,0.05,unweighted_mondrian,vultriage_clip_20,vulnerable_violation,12,7,-0.00240215924426448,-0.005352924229328699,-0.043642798197168806,0.0,lower,7,5,0,1.0,0.015625,,
0.05,0.05,unweighted_mondrian,vultriage_clip_20,safe_violation,12,6,-0.0024299065420560597,-0.00630904183535759,-0.019692500481974115,0.0,lower,6,6,0,1.0,0.03125,,
0.05,0.05,unweighted_mondrian,vultriage_clip_20,absolute_target_difference_sum,12,12,0.016021611016102104,0.009218078154107013,-0.04692134315266386,0.051542730380315864,lower,4,0,8,0.3333333333333333,0.3876953125,0.791015625,1.0
0.05,0.05,unweighted_mondrian,vultriage_clip_20,singleton_coverage,12,12,-0.3170068473193473,-0.3099751704939161,-0.38272951809214684,-0.18910544552137468,higher,0,0,12,0.0,0.00048828125,0.00048828125,0.001953125
0.05,0.05,unweighted_mondrian,vultriage_clip_20,review_load,12,12,0.3170068473193473,0.3099751704939161,0.18910544552137476,0.3827295180921469,lower,0,0,12,0.0,0.00048828125,0.00048828125,0.001953125
0.05,0.05,unweighted_mondrian,estimated_weight_no_support_clip_20,vulnerable_violation,12,7,-0.00240215924426448,-0.005352924229328699,-0.043642798197168806,0.0,lower,7,5,0,1.0,0.015625,,
0.05,0.05,unweighted_mondrian,estimated_weight_no_support_clip_20,safe_violation,12,7,0.0,0.0,-0.005209117747363819,0.0004723346828610104,lower,4,5,3,0.5714285714285714,1.0,,
0.05,0.05,unweighted_mondrian,estimated_weight_no_support_clip_20,absolute_target_difference_sum,12,12,0.0016796073289169766,-0.006005193443696495,-0.05220659746087537,0.018583076682757337,lower,5,0,7,0.4166666666666667,0.7744140625,0.7333984375,1.0
0.05,0.05,unweighted_mondrian,estimated_weight_no_support_clip_20,singleton_coverage,12,12,-0.15274245665838584,-0.1725864051382519,-0.23551673582725913,-0.10730623295608008,higher,0,0,12,0.0,0.00048828125,0.00048828125,0.001953125
0.05,0.05,unweighted_mondrian,estimated_weight_no_support_clip_20,review_load,12,12,0.15274245665838587,0.17258640513825196,0.1073062329560801,0.23551673582725918,lower,0,0,12,0.0,0.00048828125,0.00048828125,0.001953125
0.05,0.05,unweighted_mondrian,msp_matched_vultriage,vulnerable_violation,12,7,-0.0022739541160593595,-0.005288821665226139,-0.054377261474004936,0.0,lower,7,5,0,1.0,0.015625,,
0.05,0.05,unweighted_mondrian,msp_matched_vultriage,safe_violation,12,6,-0.0024299065420560597,-0.00630904183535759,-0.020745132060921496,0.0,lower,6,6,0,1.0,0.03125,,
0.05,0.05,unweighted_mondrian,msp_matched_vultriage,absolute_target_difference_sum,12,12,0.016021611016102104,0.011109263124903793,-0.05675905725318141,0.051542730380315864,lower,4,0,8,0.3333333333333333,0.3876953125,0.90966796875,1.0
0.05,0.05,unweighted_mondrian,msp_matched_vultriage,singleton_coverage,12,12,-0.3170068473193473,-0.3099751704939161,-0.38272951809214684,-0.18910544552137468,higher,0,0,12,0.0,0.00048828125,0.00048828125,0.001953125
0.05,0.05,unweighted_mondrian,msp_matched_vultriage,review_load,12,12,0.3170068473193473,0.3099751704939161,0.18910544552137476,0.3827295180921469,lower,0,0,12,0.0,0.00048828125,0.00048828125,0.001953125
0.05,0.05,unweighted_mondrian,prom_compatible_lac_matched_vultriage,vulnerable_violation,12,7,-0.0022739541160593595,-0.005288821665226139,-0.054377261474004936,0.0,lower,7,5,0,1.0,0.015625,,
0.05,0.05,unweighted_mondrian,prom_compatible_lac_matched_vultriage,safe_violation,12,6,-0.0024299065420560597,-0.00630904183535759,-0.02029400424137262,0.0,lower,6,6,0,1.0,0.03125,,
0.05,0.05,unweighted_mondrian,prom_compatible_lac_matched_vultriage,absolute_target_difference_sum,12,12,0.016021611016102104,0.00996633571291587,-0.05637295951004288,0.051542730380315864,lower,4,0,8,0.3333333333333333,0.3876953125,0.90966796875,1.0
0.05,0.05,unweighted_mondrian,prom_compatible_lac_matched_vultriage,singleton_coverage,12,12,-0.3170068473193473,-0.3099751704939161,-0.38272951809214684,-0.18910544552137468,higher,0,0,12,0.0,0.00048828125,0.00048828125,0.001953125
0.05,0.05,unweighted_mondrian,prom_compatible_lac_matched_vultriage,review_load,12,12,0.3170068473193473,0.3099751704939161,0.18910544552137476,0.3827295180921469,lower,0,0,12,0.0,0.00048828125,0.00048828125,0.001953125
0.05,0.1,unweighted_mondrian,vultriage_clip_20,vulnerable_violation,12,7,-0.00240215924426448,-0.005352924229328699,-0.043642798197168806,0.0,lower,7,5,0,1.0,0.015625,,
0.05,0.1,unweighted_mondrian,vultriage_clip_20,safe_violation,12,6,-0.00657543391188249,-0.01703778677462886,-0.04016716384797937,0.0,lower,6,6,0,1.0,0.03125,,
0.05,0.1,unweighted_mondrian,vultriage_clip_20,absolute_target_difference_sum,12,12,0.02115866217939806,0.009939374442545529,-0.05004822229165912,0.09050680849397028,lower,5,0,7,0.4166666666666667,0.7744140625,0.5693359375,1.0
0.05,0.1,unweighted_mondrian,vultriage_clip_20,singleton_coverage,12,12,-0.3771969382256324,-0.37225157470887593,-0.44841639670533306,-0.24719549406127578,higher,0,0,12,0.0,0.00048828125,0.00048828125,0.001953125
0.05,0.1,unweighted_mondrian,vultriage_clip_20,review_load,12,12,0.3771969382256324,0.37225157470887593,0.24719549406127572,0.4484163967053331,lower,0,0,12,0.0,0.00048828125,0.00048828125,0.001953125
0.05,0.1,unweighted_mondrian,estimated_weight_no_support_clip_20,vulnerable_violation,12,7,-0.00240215924426448,-0.005352924229328699,-0.043642798197168806,0.0,lower,7,5,0,1.0,0.015625,,
0.05,0.1,unweighted_mondrian,estimated_weight_no_support_clip_20,safe_violation,12,7,0.0,0.0,-0.019557890052233372,0.0021255060728744765,lower,4,5,3,0.5714285714285714,1.0,,
0.05,0.1,unweighted_mondrian,estimated_weight_no_support_clip_20,absolute_target_difference_sum,12,12,-0.005285068546875668,-0.011885234739399616,-0.06403429629077982,0.01904659408887765,lower,7,0,5,0.5833333333333334,0.7744140625,0.4697265625,1.0
0.05,0.1,unweighted_mondrian,estimated_weight_no_support_clip_20,singleton_coverage,12,12,-0.1425212536556205,-0.15506452821064307,-0.22329624539515283,-0.12434905022347684,higher,0,0,12,0.0,0.00048828125,0.00048828125,0.001953125
0.05,0.1,unweighted_mondrian,estimated_weight_no_support_clip_20,review_load,12,12,0.14252125365562046,0.15506452821064307,0.12434905022347681,0.22329624539515286,lower,0,0,12,0.0,0.00048828125,0.00048828125,0.001953125
0.05,0.1,unweighted_mondrian,msp_matched_vultriage,vulnerable_violation,12,7,-0.0021457489878542397,-0.005224719101123579,-0.041947882942931516,0.0,lower,6,5,1,0.8571428571428571,0.125,,
0.05,0.1,unweighted_mondrian,msp_matched_vultriage,safe_violation,12,6,-0.00657543391188249,-0.02312937707335051,-0.06217699612096955,0.0,lower,6,6,0,1.0,0.03125,,
0.05,0.1,unweighted_mondrian,msp_matched_vultriage,absolute_target_difference_sum,12,12,0.034282992682358675,0.018437109723929025,-0.05667889038914559,0.09050680849397028,lower,4,0,8,0.3333333333333333,0.3876953125,0.5185546875,1.0
0.05,0.1,unweighted_mondrian,msp_matched_vultriage,singleton_coverage,12,12,-0.3771969382256324,-0.37225157470887593,-0.44841639670533306,-0.24719549406127578,higher,0,0,12,0.0,0.00048828125,0.00048828125,0.001953125
0.05,0.1,unweighted_mondrian,msp_matched_vultriage,review_load,12,12,0.3771969382256324,0.37225157470887593,0.24719549406127572,0.4484163967053331,lower,0,0,12,0.0,0.00048828125,0.00048828125,0.001953125
0.05,0.1,unweighted_mondrian,prom_compatible_lac_matched_vultriage,vulnerable_violation,12,7,-0.0021457489878542397,-0.005224719101123579,-0.041947882942931516,0.0,lower,6,5,1,0.8571428571428571,0.125,,
0.05,0.1,unweighted_mondrian,prom_compatible_lac_matched_vultriage,safe_violation,12,6,-0.00657543391188249,-0.02312937707335051,-0.06037248484277406,0.0,lower,6,6,0,1.0,0.03125,,
0.05,0.1,unweighted_mondrian,prom_compatible_lac_matched_vultriage,absolute_target_difference_sum,12,12,0.03283185088735071,0.018258277013800586,-0.055232044531206975,0.09050680849397028,lower,4,0,8,0.3333333333333333,0.3876953125,0.5693359375,1.0
0.05,0.1,unweighted_mondrian,prom_compatible_lac_matched_vultriage,singleton_coverage,12,12,-0.3771969382256324,-0.37225157470887593,-0.44841639670533306,-0.24719549406127578,higher,0,0,12,0.0,0.00048828125,0.00048828125,0.001953125
0.05,0.1,unweighted_mondrian,prom_compatible_lac_matched_vultriage,review_load,12,12,0.3771969382256324,0.37225157470887593,0.24719549406127572,0.4484163967053331,lower,0,0,12,0.0,0.00048828125,0.00048828125,0.001953125
0.05,0.2,unweighted_mondrian,vultriage_clip_20,vulnerable_violation,12,7,-0.00240215924426448,-0.005352924229328699,-0.043642798197168806,0.0,lower,7,5,0,1.0,0.015625,,
0.05,0.2,unweighted_mondrian,vultriage_clip_20,safe_violation,12,7,-0.021393674628540426,-0.03674089068825907,-0.08941320915490114,0.0,lower,7,5,0,1.0,0.015625,,
0.05,0.2,unweighted_mondrian,vultriage_clip_20,absolute_target_difference_sum,12,12,0.06479962787902965,0.05109962607621026,-0.0327717168911068,0.15987884397723512,lower,5,0,7,0.4166666666666667,0.7744140625,0.12939453125,0.2587890625
0.05,0.2,unweighted_mondrian,vultriage_clip_20,singleton_coverage,12,12,-0.5270553254366204,-0.5101218639697069,-0.58122964553123,-0.30800009264987616,higher,0,0,12,0.0,0.00048828125,0.00048828125,0.001953125
0.05,0.2,unweighted_mondrian,vultriage_clip_20,review_load,12,12,0.5270553254366204,0.5101218639697069,0.30800009264987616,0.58122964553123,lower,0,0,12,0.0,0.00048828125,0.00048828125,0.001953125
0.05,0.2,unweighted_mondrian,estimated_weight_no_support_clip_20,vulnerable_violation,12,7,-0.00240215924426448,-0.005352924229328699,-0.043642798197168806,0.0,lower,7,5,0,1.0,0.015625,,
0.05,0.2,unweighted_mondrian,estimated_weight_no_support_clip_20,safe_violation,12,8,0.0,-0.0035716852317642794,-0.03299615862085116,0.0033400809716599353,lower,5,4,3,0.625,0.7265625,,
0.05,0.2,unweighted_mondrian,estimated_weight_no_support_clip_20,absolute_target_difference_sum,12,12,-0.022853664538032004,-0.023491296823631432,-0.07460403168553884,0.01736445043288891,lower,7,0,5,0.5833333333333334,0.7744140625,0.30126953125,0.30126953125
0.05,0.2,unweighted_mondrian,estimated_weight_no_support_clip_20,singleton_coverage,12,12,-0.1333572928374151,-0.1590739968017501,-0.22963248552092724,-0.1236333896092876,higher,0,0,12,0.0,0.00048828125,0.00048828125,0.001953125
0.05,0.2,unweighted_mondrian,estimated_weight_no_support_clip_20,review_load,12,12,0.13335729283741518,0.15907399680175005,0.12363338960928763,0.2296324855209271,lower,0,0,12,0.0,0.00048828125,0.00048828125,0.001953125
0.05,0.2,unweighted_mondrian,msp_matched_vultriage,vulnerable_violation,12,7,0.0,-0.0032186234817813595,-0.0114394083666603,0.0,lower,5,5,2,0.7142857142857143,0.453125,,
0.05,0.2,unweighted_mondrian,msp_matched_vultriage,safe_violation,12,7,-0.02210913149500563,-0.05313450844927966,-0.12006738213587645,0.0,lower,7,5,0,1.0,0.015625,,
0.05,0.2,unweighted_mondrian,msp_matched_vultriage,absolute_target_difference_sum,12,12,0.1093157045166609,0.08728147540056552,0.004652493766499635,0.15987884397723512,lower,3,0,9,0.25,0.14599609375,0.06396484375,0.255859375
0.05,0.2,unweighted_mondrian,msp_matched_vultriage,singleton_coverage,12,12,-0.5270553254366204,-0.5101218639697069,-0.58122964553123,-0.30800009264987616,higher,0,0,12,0.0,0.00048828125,0.00048828125,0.001953125
0.05,0.2,unweighted_mondrian,msp_matched_vultriage,review_load,12,12,0.5270553254366204,0.5101218639697069,0.30800009264987616,0.58122964553123,lower,0,0,12,0.0,0.00048828125,0.00048828125,0.001953125
0.05,0.2,unweighted_mondrian,prom_compatible_lac_matched_vultriage,vulnerable_violation,12,7,0.0,-0.003740707701457038,-0.012004380118072736,0.0,lower,5,5,2,0.7142857142857143,0.453125,,
0.05,0.2,unweighted_mondrian,prom_compatible_lac_matched_vultriage,safe_violation,12,7,-0.02210913149500563,-0.05313450844927966,-0.12006738213587645,0.0,lower,7,5,0,1.0,0.015625,,
0.05,0.2,unweighted_mondrian,prom_compatible_lac_matched_vultriage,absolute_target_difference_sum,12,12,0.10283627502672066,0.08728147540056552,0.004652493766499635,0.15987884397723512,lower,3,0,9,0.25,0.14599609375,0.0771484375,0.255859375
0.05,0.2,unweighted_mondrian,prom_compatible_lac_matched_vultriage,singleton_coverage,12,12,-0.5270553254366204,-0.5101218639697069,-0.58122964553123,-0.30800009264987616,higher,0,0,12,0.0,0.00048828125,0.00048828125,0.001953125
0.05,0.2,unweighted_mondrian,prom_compatible_lac_matched_vultriage,review_load,12,12,0.5270553254366204,0.5101218639697069,0.30800009264987616,0.58122964553123,lower,0,0,12,0.0,0.00048828125,0.00048828125,0.001953125
0.1,0.05,unweighted_mondrian,vultriage_clip_20,vulnerable_violation,12,6,0.0,-0.01242937853107344,-0.02680184816670094,0.0,lower,5,6,1,0.8333333333333334,0.21875,,
0.1,0.05,unweighted_mondrian,vultriage_clip_20,safe_violation,12,7,0.0,-0.0027792112053077597,-0.016162669851924286,0.0,lower,5,5,2,0.7142857142857143,0.453125,,
0.1,0.05,unweighted_mondrian,vultriage_clip_20,absolute_target_difference_sum,12,12,0.00946646103836806,0.0031699909018064465,-0.036445463100512616,0.027931154725515238,lower,4,0,8,0.3333333333333333,0.3876953125,0.9697265625,1.0
0.1,0.05,unweighted_mondrian,vultriage_clip_20,singleton_coverage,12,12,-0.124487826987827,-0.1636992424635802,-0.29495248590872364,-0.034134328662711044,higher,0,0,12,0.0,0.00048828125,0.00048828125,0.001953125
0.1,0.05,unweighted_mondrian,vultriage_clip_20,review_load,12,12,0.12448782698782707,0.16369924246358028,0.034134328662711044,0.2949524859087237,lower,0,0,12,0.0,0.00048828125,0.00048828125,0.001953125
0.1,0.05,unweighted_mondrian,estimated_weight_no_support_clip_20,vulnerable_violation,12,6,0.0,-0.01242937853107344,-0.02680184816670094,0.0,lower,5,6,1,0.8333333333333334,0.21875,,
0.1,0.05,unweighted_mondrian,estimated_weight_no_support_clip_20,safe_violation,12,7,0.0,0.0,-0.005209117747363819,0.0004723346828610104,lower,4,5,3,0.5714285714285714,1.0,,
0.1,0.05,unweighted_mondrian,estimated_weight_no_support_clip_20,absolute_target_difference_sum,12,12,0.006626689346298334,-0.00012206811677949528,-0.036445463100512616,0.02110702642747725,lower,4,0,8,0.3333333333333333,0.3876953125,1.0,1.0
0.1,0.05,unweighted_mondrian,estimated_weight_no_support_clip_20,singleton_coverage,12,12,-0.124487826987827,-0.1457947112511515,-0.2483427758923512,-0.034134328662711044,higher,0,0,12,0.0,0.00048828125,0.00048828125,0.001953125
0.1,0.05,unweighted_mondrian,estimated_weight_no_support_clip_20,review_load,12,12,0.12448782698782707,0.14579471125115157,0.034134328662711044,0.24834277589235124,lower,0,0,12,0.0,0.00048828125,0.00048828125,0.001953125
0.1,0.05,unweighted_mondrian,msp_matched_vultriage,vulnerable_violation,12,6,-0.00345724907063196,-0.01129943502824858,-0.02567190466387608,0.0,lower,6,6,0,1.0,0.03125,,
0.1,0.05,unweighted_mondrian,msp_matched_vultriage,safe_violation,12,6,0.0,0.0,0.0,0.010274454530667321,lower,2,6,4,0.3333333333333333,0.6875,,
0.1,0.05,unweighted_mondrian,msp_matched_vultriage,absolute_target_difference_sum,12,12,0.03296974146869784,0.02964175292795807,-0.0067039196169907805,0.04149306599710492,lower,3,0,9,0.25,0.14599609375,0.38037109375,1.0
0.1,0.05,unweighted_mondrian,msp_matched_vultriage,singleton_coverage,12,12,-0.124487826987827,-0.1636992424635802,-0.29495248590872364,-0.034134328662711044,higher,0,0,12,0.0,0.00048828125,0.00048828125,0.001953125
0.1,0.05,unweighted_mondrian,msp_matched_vultriage,review_load,12,12,0.12448782698782707,0.16369924246358028,0.034134328662711044,0.2949524859087237,lower,0,0,12,0.0,0.00048828125,0.00048828125,0.001953125
0.1,0.05,unweighted_mondrian,prom_compatible_lac_matched_vultriage,vulnerable_violation,12,6,-0.0038661710037174598,-0.014372469635627499,-0.02906173517235066,0.0,lower,6,6,0,1.0,0.03125,,
0.1,0.05,unweighted_mondrian,prom_compatible_lac_matched_vultriage,safe_violation,12,6,0.0,0.0,0.0,0.01686621072230323,lower,2,6,4,0.3333333333333333,0.6875,,
0.1,0.05,unweighted_mondrian,prom_compatible_lac_matched_vultriage,absolute_target_difference_sum,12,12,0.034073211534594236,0.032867812911056504,-0.01195378253957969,0.044392004295975784,lower,3,0,9,0.25,0.14599609375,0.5693359375,1.0
0.1,0.05,unweighted_mondrian,prom_compatible_lac_matched_vultriage,singleton_coverage,12,12,-0.124487826987827,-0.1636992424635802,-0.29495248590872364,-0.034134328662711044,higher,0,0,12,0.0,0.00048828125,0.00048828125,0.001953125
0.1,0.05,unweighted_mondrian,prom_compatible_lac_matched_vultriage,review_load,12,12,0.12448782698782707,0.16369924246358028,0.034134328662711044,0.2949524859087237,lower,0,0,12,0.0,0.00048828125,0.00048828125,0.001953125
0.1,0.1,unweighted_mondrian,vultriage_clip_20,vulnerable_violation,12,6,0.0,-0.01242937853107344,-0.02680184816670094,0.0,lower,5,6,1,0.8333333333333334,0.21875,,
0.1,0.1,unweighted_mondrian,vultriage_clip_20,safe_violation,12,7,0.0,-0.011608626531027469,-0.02746826520780389,0.0,lower,5,5,2,0.7142857142857143,0.453125,,
0.1,0.1,unweighted_mondrian,vultriage_clip_20,absolute_target_difference_sum,12,12,0.00028238206320758096,-0.003914780172324137,-0.039572342239507854,0.03806529374270764,lower,6,0,6,0.5,1.0,0.90966796875,1.0
0.1,0.1,unweighted_mondrian,vultriage_clip_20,singleton_coverage,12,12,-0.11910222870654527,-0.14743136265622148,-0.2663587821318327,-0.04845866194340581,higher,0,0,12,0.0,0.00048828125,0.00048828125,0.001953125
0.1,0.1,unweighted_mondrian,vultriage_clip_20,review_load,12,12,0.11910222870654527,0.14743136265622148,0.048458661943405756,0.2663587821318327,lower,0,0,12,0.0,0.00048828125,0.00048828125,0.001953125
0.1,0.1,unweighted_mondrian,estimated_weight_no_support_clip_20,vulnerable_violation,12,6,0.0,-0.01242937853107344,-0.02680184816670094,0.0,lower,5,6,1,0.8333333333333334,0.21875,,
0.1,0.1,unweighted_mondrian,estimated_weight_no_support_clip_20,safe_violation,12,7,0.0,0.0,-0.019557890052233372,0.0021255060728744765,lower,4,5,3,0.5714285714285714,1.0,,
0.1,0.1,unweighted_mondrian,estimated_weight_no_support_clip_20,absolute_target_difference_sum,12,12,0.00028238206320758096,-0.009588737672808156,-0.039572342239507854,0.021792437004627557,lower,6,0,6,0.5,1.0,0.7333984375,1.0
0.1,0.1,unweighted_mondrian,estimated_weight_no_support_clip_20,singleton_coverage,12,12,-0.11910222870654527,-0.13290337566951338,-0.22207829333845894,-0.04845866194340581,higher,0,0,12,0.0,0.00048828125,0.00048828125,0.001953125
0.1,0.1,unweighted_mondrian,estimated_weight_no_support_clip_20,review_load,12,12,0.11910222870654527,0.13290337566951332,0.048458661943405756,0.2220782933384589,lower,0,0,12,0.0,0.00048828125,0.00048828125,0.001953125
0.1,0.1,unweighted_mondrian,msp_matched_vultriage,vulnerable_violation,12,6,0.0,-0.007191011235955029,-0.021563480871582528,0.0,lower,5,6,1,0.8333333333333334,0.21875,,
0.1,0.1,unweighted_mondrian,msp_matched_vultriage,safe_violation,12,6,-0.00567757009345793,-0.01703778677462886,-0.0357403300846178,0.0,lower,6,6,0,1.0,0.03125,,
0.1,0.1,unweighted_mondrian,msp_matched_vultriage,absolute_target_difference_sum,12,12,-0.006028099064677682,-0.004066854669320535,-0.037823817786931606,0.04682212716955862,lower,6,0,6,0.5,1.0,0.90966796875,1.0
0.1,0.1,unweighted_mondrian,msp_matched_vultriage,singleton_coverage,12,12,-0.11910222870654527,-0.14743136265622148,-0.2663587821318327,-0.04845866194340581,higher,0,0,12,0.0,0.00048828125,0.00048828125,0.001953125
0.1,0.1,unweighted_mondrian,msp_matched_vultriage,review_load,12,12,0.11910222870654527,0.14743136265622148,0.048458661943405756,0.2663587821318327,lower,0,0,12,0.0,0.00048828125,0.00048828125,0.001953125
0.1,0.1,unweighted_mondrian,prom_compatible_lac_matched_vultriage,vulnerable_violation,12,5,0.0,-0.007191011235955029,-0.021563480871582528,0.0,lower,5,7,0,1.0,0.0625,,
0.1,0.1,unweighted_mondrian,prom_compatible_lac_matched_vultriage,safe_violation,12,6,-0.003859649122807021,-0.014485809067453009,-0.03143587654383626,0.0,lower,6,6,0,1.0,0.03125,,
0.1,0.1,unweighted_mondrian,prom_compatible_lac_matched_vultriage,absolute_target_difference_sum,12,12,-0.007341711883958126,-0.0073329289148615796,-0.023617984375726753,0.04662725940742691,lower,7,0,5,0.5833333333333334,0.7744140625,0.791015625,1.0
0.1,0.1,unweighted_mondrian,prom_compatible_lac_matched_vultriage,singleton_coverage,12,12,-0.11910222870654527,-0.14743136265622148,-0.2663587821318327,-0.04845866194340581,higher,0,0,12,0.0,0.00048828125,0.00048828125,0.001953125
0.1,0.1,unweighted_mondrian,prom_compatible_lac_matched_vultriage,review_load,12,12,0.11910222870654527,0.14743136265622148,0.048458661943405756,0.2663587821318327,lower,0,0,12,0.0,0.00048828125,0.00048828125,0.001953125
0.1,0.2,unweighted_mondrian,vultriage_clip_20,vulnerable_violation,12,6,0.0,-0.01242937853107344,-0.02680184816670094,0.0,lower,5,6,1,0.8333333333333334,0.21875,,
0.1,0.2,unweighted_mondrian,vultriage_clip_20,safe_violation,12,8,-0.0035716852317642794,-0.01649807931042558,-0.04085138459585132,0.0,lower,6,4,2,0.75,0.2890625,,
0.1,0.2,unweighted_mondrian,vultriage_clip_20,absolute_target_difference_sum,12,12,-0.01654071906126549,-0.017271895197630716,-0.04946084988482018,0.07080880671166949,lower,7,0,5,0.5833333333333334,0.7744140625,0.6220703125,1.0
0.1,0.2,unweighted_mondrian,vultriage_clip_20,singleton_coverage,12,12,-0.10896434294871798,-0.12534747262894783,-0.2051880599024894,-0.05456242402514805,higher,1,0,11,0.08333333333333333,0.00634765625,0.0009765625,0.00390625
0.1,0.2,unweighted_mondrian,vultriage_clip_20,review_load,12,12,0.10896434294871793,0.12534747262894783,0.05456242402514805,0.20518805990248942,lower,1,0,11,0.08333333333333333,0.00634765625,0.0009765625,0.00390625
0.1,0.2,unweighted_mondrian,estimated_weight_no_support_clip_20,vulnerable_violation,12,6,0.0,-0.01242937853107344,-0.02680184816670094,0.0,lower,5,6,1,0.8333333333333334,0.21875,,
0.1,0.2,unweighted_mondrian,estimated_weight_no_support_clip_20,safe_violation,12,8,0.0,-0.0035716852317642794,-0.03299615862085116,0.0033400809716599353,lower,5,4,3,0.625,0.7265625,,
0.1,0.2,unweighted_mondrian,estimated_weight_no_support_clip_20,absolute_target_difference_sum,12,12,-0.01654071906126549,-0.019481213269961377,-0.04946084988482018,0.021552255607071594,lower,7,0,5,0.5833333333333334,0.7744140625,0.423828125,1.0
0.1,0.2,unweighted_mondrian,estimated_weight_no_support_clip_20,singleton_coverage,12,12,-0.10896434294871798,-0.11914644981458153,-0.1990640554252479,-0.05456242402514805,higher,1,0,11,0.08333333333333333,0.00634765625,0.0009765625,0.00390625
0.1,0.2,unweighted_mondrian,estimated_weight_no_support_clip_20,review_load,12,12,0.10896434294871793,0.11914644981458156,0.05456242402514805,0.19906405542524797,lower,1,0,11,0.08333333333333333,0.00634765625,0.0009765625,0.00390625
0.1,0.2,unweighted_mondrian,msp_matched_vultriage,vulnerable_violation,12,8,0.0,0.00147435897435896,-0.007191011235955029,0.02474238839902912,lower,3,4,5,0.375,0.7265625,,
0.1,0.2,unweighted_mondrian,msp_matched_vultriage,safe_violation,12,7,-0.02210913149500563,-0.04708781475787924,-0.09713347134884759,0.0,lower,7,5,0,1.0,0.015625,,
0.1,0.2,unweighted_mondrian,msp_matched_vultriage,absolute_target_difference_sum,12,12,0.02453282873892082,0.020117249144242774,-0.09349761815380131,0.12393887135247461,lower,6,0,6,0.5,1.0,0.6220703125,1.0
0.1,0.2,unweighted_mondrian,msp_matched_vultriage,singleton_coverage,12,12,-0.10896434294871798,-0.12534747262894783,-0.2051880599024894,-0.05456242402514805,higher,1,0,11,0.08333333333333333,0.00634765625,0.0009765625,0.00390625
0.1,0.2,unweighted_mondrian,msp_matched_vultriage,review_load,12,12,0.10896434294871793,0.12534747262894783,0.05456242402514805,0.20518805990248942,lower,1,0,11,0.08333333333333333,0.00634765625,0.0009765625,0.00390625
0.1,0.2,unweighted_mondrian,prom_compatible_lac_matched_vultriage,vulnerable_violation,12,8,0.0,0.0,-0.007191011235955029,0.014290147162739221,lower,3,4,5,0.375,0.7265625,,
0.1,0.2,unweighted_mondrian,prom_compatible_lac_matched_vultriage,safe_violation,12,7,-0.02210913149500563,-0.04209494704033913,-0.08823612662322962,0.0,lower,7,5,0,1.0,0.015625,,
0.1,0.2,unweighted_mondrian,prom_compatible_lac_matched_vultriage,absolute_target_difference_sum,12,12,0.004544632690459766,0.006818619712293677,-0.09513897921301052,0.10901823468230842,lower,6,0,6,0.5,1.0,0.7333984375,1.0
0.1,0.2,unweighted_mondrian,prom_compatible_lac_matched_vultriage,singleton_coverage,12,12,-0.10896434294871798,-0.12534747262894783,-0.2051880599024894,-0.05456242402514805,higher,1,0,11,0.08333333333333333,0.00634765625,0.0009765625,0.00390625
0.1,0.2,unweighted_mondrian,prom_compatible_lac_matched_vultriage,review_load,12,12,0.10896434294871793,0.12534747262894783,0.05456242402514805,0.20518805990248942,lower,1,0,11,0.08333333333333333,0.00634765625,0.0009765625,0.00390625
