detector,target_group,seed,head_fit_seconds,selected_parameter,source_validation_pr_auc,technical_seed_reused,seed_reused_from,metadata_relative_path,metadata_sha256,execution_status
codebert,FreeRDP,13,1811.401514199999,0.01,0.13931937527865423,True,13,predictions/FreeRDP/seed-13.json,EB3448B94334BFF11FEA40F93031C40E903B77B5C0FFA0C5FF61DB2BED69F34B,executed
codebert,envoy,13,1873.7195489000005,0.01,0.14209528786294318,True,13,predictions/envoy/seed-13.json,D6F911592A9F1082A1D7EE71C3FE4ABF5C9DA58801AA306177DA448C5D72DC4B,executed
codebert,ffmpeg,13,1624.3006412999966,0.01,0.1403932203384212,True,13,predictions/ffmpeg/seed-13.json,08E14944A397D074F3467EBABB73678D4EABA575D3E5CDE870DC8A36C3B44E30,executed
codebert,ghostpdl,13,1609.590231299997,0.01,0.14143446554861822,True,13,predictions/ghostpdl/seed-13.json,73D1F75902228574D801D4642072909BE2381273DC860FC8D875279F47179E1A,executed
codebert,imagemagick,13,1438.8747428999923,0.01,0.135478574028441,True,13,predictions/imagemagick/seed-13.json,E289C734A6E5FB763B72681EAC69407772B68C1D9C28931BD4FDB282A25220B6,executed
codebert,jasper,13,1784.8221094000037,0.01,0.14013065159700128,True,13,predictions/jasper/seed-13.json,81A1B0483CC78514E4FF419312A238AD1109139C1EE8194B2970050526B23ACA,executed
codebert,krb5,13,1777.3604225000017,0.01,0.14156430663706168,True,13,predictions/krb5/seed-13.json,44CEA3FE0A219D815DFDF5FA468BD9274D3713F8915140AF06F950F724B060E9,executed
codebert,librsvg,13,1332.7646792000014,0.01,0.14143999404954838,True,13,predictions/librsvg/seed-13.json,A61540E799553706AF00D4B08D7EE3239A7E1D85CD737AF25ECD1C51E1CE48FC,executed
codebert,libtpms,13,1581.7068559000036,0.01,0.14166687712010873,True,13,predictions/libtpms/seed-13.json,A2039CB5A8BC59DCE9CFFB5574B258D39063C5B5405D18A6EEEEF52A3DC3E1BE,executed
codebert,libxml2,13,1935.8491278000001,0.01,0.14052165643255754,True,13,predictions/libxml2/seed-13.json,D4BBFFE789786E6D1FEC407BCE891B9585189F84B4AF4A495AE47944899AEFAE,executed
codebert,linux,13,938.6377606000024,0.01,0.14126226428813127,True,13,predictions/linux/seed-13.json,7415DEC7B9D6498ACA59A85A92CA37F7BA2AFCAB2640C975A74A4834D876ACCB,executed
codebert,mongo,13,2077.9803107000043,0.01,0.141703072516575,True,13,predictions/mongo/seed-13.json,7BB86269E8645CF6C951CAF3DE47DA4CF1BB837D43A7614AE1B3E8D1E5A6559F,executed
codebert,mysql-server,13,1401.0542971999967,0.01,0.14179958283038507,True,13,predictions/mysql-server/seed-13.json,84E4263EA4F993E2AE3545AB54D3FD31AECCB637A1E13DC98F25995CBCAFE337,executed
codebert,net,13,1487.5316314000083,0.01,0.14170911782027504,True,13,predictions/net/seed-13.json,1FF6085EB8B2B431F3B59836B06C4F8EB48681549070B001C90F181CA6F7ACAE,executed
codebert,openssl,13,1490.665462799996,0.01,0.1432129470807375,True,13,predictions/openssl/seed-13.json,49C317F9F0FD715F6E999022DDD0AF6CC6C54AEAAD15574C0FF7D1C787A846EB,executed
codebert,php,13,1812.915792899992,0.01,0.1427994129281993,True,13,predictions/php/seed-13.json,0DDF9408410ABD1C14D15DFB947C074CA907DB91916D1970055B92AB7D91154E,executed
codebert,postgres,13,1354.1988801999978,0.01,0.14182282454167341,True,13,predictions/postgres/seed-13.json,64F2122E4195ABE47DF44F6DDF69B4F4A1FCD344C2362BC7C15B2272384592BE,executed
codebert,qemu,13,1431.3012897000008,0.01,0.14163548209339757,True,13,predictions/qemu/seed-13.json,98A859E961F3A3BFAD94949F9809D82CF4A1DB835AC28855BF0E2BE2C94C1894,executed
codebert,qpdf,13,1362.0735806000012,0.01,0.14152837693676282,True,13,predictions/qpdf/seed-13.json,5CF47165E23DE2B5F5275A160B413C4A19457ADFB6C5B5FBBE28EED863568458,executed
codebert,radare2,13,1554.501610300009,0.01,0.13943241008575036,True,13,predictions/radare2/seed-13.json,CD169748C4E344698BAD6E640F9096DA95973136DDE01EAF8FE3A4200FD7C4BC,executed
codebert,samba,13,1586.6124091999955,0.01,0.14232141362025838,True,13,predictions/samba/seed-13.json,35A90926B5E9559173B03BB20BF145B70464F23C863622B89B9BA01CB15804D3,executed
codebert,tcpdump,13,1929.9849057000101,0.01,0.13826755893853215,True,13,predictions/tcpdump/seed-13.json,EE8419F00300AF76928F59E05E1504B31CF00EB53718457FE1A710482E535483,executed
codebert,tensorflow,13,1814.5788343000022,0.01,0.13126526523827559,True,13,predictions/tensorflow/seed-13.json,A9109F92A2253670D0511EF8F948EC8F32C64DE6AB3AE720A34696C00B71B9A0,executed
codebert,vim,13,1374.0058505000052,0.01,0.14524568241934252,True,13,predictions/vim/seed-13.json,7D959AD2160F2F9C093013A990165B4B33DFE3707AE54A4E510A2A7DF7E4F355,executed
hashing,FreeRDP,13,1.9194698999926914,1e-05,0.15628863257518205,False,,predictions/FreeRDP/seed-13.json,BABE48E03E427041A55994B57EF4BBB3A74FF4D2F11C6DE6703D86D6236C82CD,executed
hashing,FreeRDP,37,1.89317339999252,1e-05,0.16526676752917413,False,,predictions/FreeRDP/seed-37.json,34CFD925B350349EEB40932D4D8D2C737166572A8A0399AE03BA92AB1B1398FF,executed
hashing,FreeRDP,73,1.8943415000103414,1e-05,0.1544890067348054,False,,predictions/FreeRDP/seed-73.json,6A4BC85C595A882B6609CF0434C5FB571C4D40E98C7979CFA32DF276D55D621A,executed
hashing,FreeRDP,101,1.8205368000053568,1e-05,0.15817049273740097,False,,predictions/FreeRDP/seed-101.json,87FC69F5F255890F80C7CDC975CC3757A62DA0F785CABB72B046D222C6E7EBC0,executed
hashing,FreeRDP,137,1.8260035999992397,1e-05,0.15985399508606854,False,,predictions/FreeRDP/seed-137.json,4E4B5074BE489ADA50296A639462BB9B97C7E582D72BA3305166BDF2A40333AD,executed
hashing,envoy,13,1.8585775999963516,1e-05,0.16703329277726073,False,,predictions/envoy/seed-13.json,A61B7303C83FEED7FD96768A49DE1BFCF4F1DBFE185D453AAEAFBCB4F12855D5,executed
hashing,envoy,37,1.9147901000105776,1e-05,0.15932950572185095,False,,predictions/envoy/seed-37.json,80F2FC25D7C3D2B5AB7D65ECC7F94B11F5FEA0C7EECE8B1FEA6ED2E9D5A68921,executed
hashing,envoy,73,1.8640739999973448,1e-05,0.16277577915246652,False,,predictions/envoy/seed-73.json,942CAEA5E366BFEB730546FA45AFDB0667ABFBDAC77AB57CB1BBC2A9EB5293F5,executed
hashing,envoy,101,1.836303999996744,1e-05,0.16376359690325704,False,,predictions/envoy/seed-101.json,FCB97CBEBF7954D03F2AA18901350509D4BEBDCEAD6A17980406788DE7D05C9C,executed
hashing,envoy,137,1.844170700001996,1e-05,0.16295121944203028,False,,predictions/envoy/seed-137.json,4D3D87BC814D9F1304E66C11D10C4D73C840DB2D92EC60B749FEDA77867B60F1,executed
hashing,ffmpeg,13,1.80377870000666,1e-05,0.15676867020738633,False,,predictions/ffmpeg/seed-13.json,85599EAEB0C221D00F90856815CDAFAC257333D7E16B6E3545AD5FFD533A15DE,executed
hashing,ffmpeg,37,1.8197748999955365,1e-05,0.16029525368559067,False,,predictions/ffmpeg/seed-37.json,6EC9FBF4F8E916FC8E9F47C79C4314CCF58CF1E65A19C912C9F30BCEE820A06D,executed
hashing,ffmpeg,73,1.7466267999989213,1e-05,0.15894259865599744,False,,predictions/ffmpeg/seed-73.json,83D93D09DDD5FECF4212EAF9C15429AAF75A6328C0367A3259E6E103B5AE573B,executed
hashing,ffmpeg,101,1.835040799996932,1e-05,0.15815784829849194,False,,predictions/ffmpeg/seed-101.json,2EEAA9FBE0843A8D105C1AB751C221CFF383E9DA4B51F35372E57D3A5909694D,executed
hashing,ffmpeg,137,1.893387200005236,1e-05,0.15396479335985816,False,,predictions/ffmpeg/seed-137.json,A1B52D79C05C8E609D6EC44598604F8C0822A1AE4736CB1390B742DEF20F2D51,executed
hashing,ghostpdl,13,1.8796122000057949,1e-05,0.16228914040717063,False,,predictions/ghostpdl/seed-13.json,D53B7862084E97668422AF22EEA0014CD439492D62316084F4EBC86E1976B7AE,executed
hashing,ghostpdl,37,1.795971700004884,1e-05,0.15147115686486165,False,,predictions/ghostpdl/seed-37.json,9724D5EDEBB47ED844B2F0F09882567455B6E7CC2A16390CCCCF5206901D6977,executed
hashing,ghostpdl,73,1.8320205000054557,1e-05,0.15049588617087747,False,,predictions/ghostpdl/seed-73.json,F5938DF914224CEDFE3A01040199B5D5823115D7E3E20D848DE18B74E8DA97A4,executed
hashing,ghostpdl,101,1.8175330000085523,1e-05,0.15908870960178073,False,,predictions/ghostpdl/seed-101.json,BF4B2D8CCCFDC14579F089E4A9AE3295BDFD8FAB57B3904C1A536E817934012E,executed
hashing,ghostpdl,137,1.8952449000062188,1e-05,0.1650971558997478,False,,predictions/ghostpdl/seed-137.json,EDEED3F04EC9571C545461229804173A6BC69908D8B39801995539C08D2D1F09,executed
hashing,imagemagick,13,1.7935318000090774,1e-05,0.15932624508079915,False,,predictions/imagemagick/seed-13.json,6A3D0FD49C20C8AD4C8D8103703FC161407689AA18A773C2ABACC18D2DA2E311,executed
hashing,imagemagick,37,1.6635205000056885,1e-05,0.14800184128893817,False,,predictions/imagemagick/seed-37.json,638862978326D5DB1390D17F337C6490FFD7268BB1A088D53FBC10764DCABF35,executed
hashing,imagemagick,73,1.687655999994604,1e-05,0.14864887531236598,False,,predictions/imagemagick/seed-73.json,253468A73AAA341BD131C60E6BB0E688900E7D0A31EB47B37570B09228AF3D02,executed
hashing,imagemagick,101,1.65694239998993,1e-05,0.1578462488135409,False,,predictions/imagemagick/seed-101.json,E9935149C15BC5285541798FB121576D0078EAB1C9F7D3F218324C8AB72B5DDE,executed
hashing,imagemagick,137,1.7723098999995273,1e-05,0.1552342077188537,False,,predictions/imagemagick/seed-137.json,EF6A9EF8CF0B3D54043C8334C6A5FD2D015BF73FFE6CBA9626F475EAD97E6DED,executed
hashing,jasper,13,1.8210271999996621,1e-05,0.1609060637623385,False,,predictions/jasper/seed-13.json,BDB7181AD874F2CF35002D1EC5DC9DF132FE90521CE580E9A8F6A45286DE1A0A,executed
hashing,jasper,37,1.8757122999959392,1e-05,0.15589062776367302,False,,predictions/jasper/seed-37.json,924CB9F15D6E960E204E0F38A30499EE15F9891BAEEA05691771AAC39D3B85C6,executed
hashing,jasper,73,1.7405432000086876,1e-05,0.15657044757915642,False,,predictions/jasper/seed-73.json,40AD061FB0B0175654E2A9E9167E269353DD9612C5F699946EFAECFDB8C0A09B,executed
hashing,jasper,101,1.8171791000058874,1e-05,0.16021175213933156,False,,predictions/jasper/seed-101.json,637DAB9EF4DD8174B7BC0C85AAC70A6816F0627C7B8F41304D1BDF444C73EB89,executed
hashing,jasper,137,1.8094974999985425,1e-05,0.16130877171116192,False,,predictions/jasper/seed-137.json,BA2757378F91B67D785FB132CDF44AE696CB65C5140F7BB642A6A6FE04271E4D,executed
hashing,krb5,13,1.7921588000026532,1e-05,0.15879191782711796,False,,predictions/krb5/seed-13.json,94563EC333497900B0EC645BEE5F7ACD54AEB299EF4C48A9DE7805BE563AA2FE,executed
hashing,krb5,37,1.8097710000001825,1e-05,0.16952475507796486,False,,predictions/krb5/seed-37.json,B30687CC2EFE119A7E7F0F9118755873E95E11B08BF46BEE8664D903C17714C8,executed
hashing,krb5,73,1.8476822999946307,1e-05,0.15786393965718248,False,,predictions/krb5/seed-73.json,023F89C8622E8EA2E62478F396868A582B2B1E4E8BBB3E94FC29AD4577008A4A,executed
hashing,krb5,101,1.7469533999974374,1e-05,0.15978267273118651,False,,predictions/krb5/seed-101.json,12AB10403302383259FF1E24D43D1898B4A2B088E48E413E7E7C8096EB167119,executed
hashing,krb5,137,1.8532082000019727,1e-05,0.16856432941221777,False,,predictions/krb5/seed-137.json,FBA5F1C9D8EE252604F77C3FA19D490D0AAE1912A8ED01B7F53CF5B485D69946,executed
hashing,librsvg,13,1.8864431999973021,1e-05,0.16334699206255288,False,,predictions/librsvg/seed-13.json,4219B2C1CD5B669FAF4033C230B0F6A85F201FE6B4920744FF48D0AB5DC8C4E2,executed
hashing,librsvg,37,1.8777815000066767,1e-05,0.1654092922858897,False,,predictions/librsvg/seed-37.json,B605D23B65324FCDAE6963761913DA43C49EEE839F7D3C448D76C2BC8822D4EC,executed
hashing,librsvg,73,1.8890093000081833,1e-05,0.16823135269369743,False,,predictions/librsvg/seed-73.json,B5A31754C17CDC72169953E17F115C65E0C56DB443EEF4BAADE8D0B955981BC1,executed
hashing,librsvg,101,1.8719820999976946,1e-05,0.1575618571446221,False,,predictions/librsvg/seed-101.json,8AA3130F36002230429B30054E004ABAE9651ADEAB46262D8AC0041F3E9372EF,executed
hashing,librsvg,137,1.805855700004031,1e-05,0.16919075379365148,False,,predictions/librsvg/seed-137.json,1C45B2F9DDFD3FE5051A140C56E44531C14D05F426ED3EADCC0931A7352AD112,executed
hashing,libtpms,13,1.8267559999949299,1e-05,0.15365360756737845,False,,predictions/libtpms/seed-13.json,4F71EED54EB1AF000CE71F3B87BF1CB49C66834B3035B40F27C041FA6DE54ED8,executed
hashing,libtpms,37,1.9221780999941984,1e-05,0.16360191334860652,False,,predictions/libtpms/seed-37.json,14AB9F9CE8DF098C6134ED520D8629C07670ABB0EBF8989E8FD357FB73DBD31D,executed
hashing,libtpms,73,1.8387080000102287,1e-05,0.16323289906038962,False,,predictions/libtpms/seed-73.json,FBF63219DFD84EDA421B1E2738255C23C84758528AC2AAAE466A320542EBFB7C,executed
hashing,libtpms,101,1.8379986999934772,1e-05,0.1564106286559247,False,,predictions/libtpms/seed-101.json,C896C2BC840684869F94EFA84A4B1B6BB36E267CE4C75FC7FBC8E171525931A5,executed
hashing,libtpms,137,1.9088907999976072,1e-05,0.15856908415247684,False,,predictions/libtpms/seed-137.json,A41E3D3F74CD394F3102923753DE11A97A0E6696FAFAF210FCC723543F571FDC,executed
hashing,libxml2,13,1.8513070999906631,1e-05,0.16145038152885086,False,,predictions/libxml2/seed-13.json,00FF8F5DFE5BC424BC13965D170AEFA18716F4BE80F79F84DD81838AC9D6A51F,executed
hashing,libxml2,37,1.8111741000029724,1e-05,0.1551005734256137,False,,predictions/libxml2/seed-37.json,89711A25790AB4B235C9D0D33DAD7449A429D6CAECAF01FE6851CB4F85A7335D,executed
hashing,libxml2,73,1.8846500999934506,1e-05,0.15789614408491748,False,,predictions/libxml2/seed-73.json,F945FA9B4F1BF37FCD47948814551823D555DC4C144F1F4486E93827507F030C,executed
hashing,libxml2,101,1.78787359999842,1e-05,0.1523577312318369,False,,predictions/libxml2/seed-101.json,04B0C1AA8B61619DB20E86B786CB16A8B5622D0064500A201A610E2FE018BDFB,executed
hashing,libxml2,137,1.781846099998802,1e-05,0.16293932685875037,False,,predictions/libxml2/seed-137.json,7E33151D25256F51B3B825E448C329BD765AE4EA82747E239FF87390901E8DCC,executed
hashing,linux,13,1.4687924000027124,1e-05,0.1834836299852597,False,,predictions/linux/seed-13.json,CA14D1C30172389E037C08ED65CA7D3DB14FFB45442621FD6BE759C1331DDC70,executed
hashing,linux,37,1.4064205000031507,1e-05,0.17750472740143636,False,,predictions/linux/seed-37.json,081FEA39072089EBE4D61C5203A3534E9A92E13F09ACF1A90FCA31F5D37C0E99,executed
hashing,linux,73,1.397268199987593,1e-05,0.18820485317496682,False,,predictions/linux/seed-73.json,956AC2BD899294F8CF4FFEDD44EDFAFD8D1B9CD988E1D4C2C1E8F9BB3B97F5A1,executed
hashing,linux,101,1.3938686000037706,1e-05,0.18886146939792064,False,,predictions/linux/seed-101.json,2530E4CE4FFDA3F708FB2A69103F94A6F253DE665E90966783894F101F364F79,executed
hashing,linux,137,1.377252899997984,1e-05,0.18455127223683243,False,,predictions/linux/seed-137.json,6556C680864E322B9D91839D3756D59878E2BEAAA79869CAF48398753DDAABFE,executed
hashing,mongo,13,1.844118699998944,1e-05,0.15909843294036946,False,,predictions/mongo/seed-13.json,8299359E2076A08AFEF66F830A50AA46424AA34BECC9B4CFE7728BC243B739E0,executed
hashing,mongo,37,1.8781202000100166,1e-05,0.1639623579615732,False,,predictions/mongo/seed-37.json,05C03986B79F503F7E419DDE9E83AB53E81D21E5F9818C607E2C85D39E04DED7,executed
hashing,mongo,73,1.8736716999992495,1e-05,0.16322597684716933,False,,predictions/mongo/seed-73.json,CA452C81BC694AE797E843F45E055EB678BB68AB6C7FE5C48D3CE28C4A8C5B74,executed
hashing,mongo,101,2.0070474999956787,1e-05,0.1689640549379619,False,,predictions/mongo/seed-101.json,D5DF10B74B29968A3D247C490E3B148F99E3C6DEE3C7B181F36B599EAF924A71,executed
hashing,mongo,137,1.8275737000076333,1e-05,0.15004671301134404,False,,predictions/mongo/seed-137.json,E4A5E463262EDED8B2D192D4E87101FDC68812E0A4952C957A95277571A60996,executed
hashing,mysql-server,13,1.8457894000021042,1e-05,0.16055185773987357,False,,predictions/mysql-server/seed-13.json,93749A0D36EA5BC1BCFC7A513B9445818CEB8743F9FB559781D6B4DD72B8AF44,executed
hashing,mysql-server,37,1.8795403999974951,1e-05,0.1617084227733987,False,,predictions/mysql-server/seed-37.json,ABD4D491F432CA722F638B67B42C2F4B8FC9A4589E58F3C29918CDBA8B1D8A5A,executed
hashing,mysql-server,73,1.8777670999988914,1e-05,0.166766415912629,False,,predictions/mysql-server/seed-73.json,717D75C9ED8C7A722986DD5EFD83F654FBAFCFBDDFBA7A9B9B57BACC3E080F23,executed
hashing,mysql-server,101,1.8605280999909155,1e-05,0.15655316087313007,False,,predictions/mysql-server/seed-101.json,D880B1FBAC1129C393C19BF77D8E929DDA4CC34E9184747477ECF1E290646044,executed
hashing,mysql-server,137,1.9855525000020862,1e-05,0.15755437318044377,False,,predictions/mysql-server/seed-137.json,653ADA667E52D9AD3FDAAB6BC4CA5B176E5D6442C3224F729FC61AADD394A1F9,executed
hashing,net,13,1.8231990000058431,1e-05,0.16262972574399195,False,,predictions/net/seed-13.json,ABB789FE8195EB401F9500586975A79911D76E8429A06268E1C3B26147A4F02F,executed
hashing,net,37,1.7701703000057023,1e-05,0.16158530265204904,False,,predictions/net/seed-37.json,AAA872281564457D450E96948B1E49863247DA771341035A9CD28F5D8BC4D4DF,executed
hashing,net,73,1.828418999997666,1e-05,0.15740644182901206,False,,predictions/net/seed-73.json,A5A40BC0673BB4146F778059D76E3D7C5ED56ECF20F6C46E648A7D03431D3EA3,executed
hashing,net,101,1.8139545000012731,1e-05,0.1517555744643311,False,,predictions/net/seed-101.json,D51E2D801951A488DEC3BCA929EE93A6F1670C1476BB482506005D1B1258E28D,executed
hashing,net,137,1.8491390999988653,1e-05,0.15918669468750496,False,,predictions/net/seed-137.json,C4DC0B6FFCAE1F7E14045E04AA06477845745E33A8E205086C95FAB95559767D,executed
hashing,openssl,13,1.8036813999933656,1e-05,0.15382118209876983,False,,predictions/openssl/seed-13.json,4FC9D41332531C033DADAF3D5C0DBC0BAB46B82B18A3D57061B435D50C24EF21,executed
hashing,openssl,37,1.833272699994268,1e-05,0.15861376496914614,False,,predictions/openssl/seed-37.json,FCBBACE2170DB3E24F1B567F7FD1A6E1208CF4833A361EC2219B322DD2CE9E04,executed
hashing,openssl,73,1.8355767000030028,1e-05,0.163807588285326,False,,predictions/openssl/seed-73.json,CCE268A5BF45E1CA082E22DDD745D68D09E3033920FB09184248C1140FBB715E,executed
hashing,openssl,101,1.8381477000075392,1e-05,0.16258391985146456,False,,predictions/openssl/seed-101.json,85B8913683F277357D17AFAC748C5CC71DC03E7795BFB8F57A034CB68CD329A6,executed
hashing,openssl,137,1.877739700008533,1e-05,0.1671582736518768,False,,predictions/openssl/seed-137.json,32ABF25F78E084D3CB67F81254B79CEAC82169639356D0F698152E54C5148688,executed
hashing,php,13,1.7597837999928743,1e-05,0.1619170168164416,False,,predictions/php/seed-13.json,4342EB95D490B736D8E68FD6942AD0EB42BE983296F78EC250BF00089373ED35,executed
hashing,php,37,1.7833166999917012,1e-05,0.15868775742826938,False,,predictions/php/seed-37.json,D49681003F9CBB1992C220F591E372A033EF9C6AC3804CF8432A326B1509B80F,executed
hashing,php,73,1.7484175999998115,1e-05,0.15403934709732958,False,,predictions/php/seed-73.json,46F71591D99080AD4A7BD0DDD1A068260FCBA71EEF0A7DDC0AB140252CFA34ED,executed
hashing,php,101,1.7657026999950176,1e-05,0.16140089467580052,False,,predictions/php/seed-101.json,7DB6CB3B4085E4E072C448D24BD89C48920911998DFE8BDD346832DB500A7C1C,executed
hashing,php,137,1.7876697999890894,1e-05,0.1563403816854094,False,,predictions/php/seed-137.json,BE3EE7DB039CE9C546466C555DA8AA1D4B60242E5821C01DFD4CEF11EEB62C6C,executed
hashing,postgres,13,1.7903488000010839,1e-05,0.15755547146382443,False,,predictions/postgres/seed-13.json,1B93E148D4EDE372928E25D8FFB2A116891A8543FCAAC6CC0EBEBC8818D41348,executed
hashing,postgres,37,1.8939816000056453,1e-05,0.1680530320227629,False,,predictions/postgres/seed-37.json,7DD8848C465A71806EE0534C1DC3F7A7FC6691B80366AD7BA5D9FA543FC78E24,executed
hashing,postgres,73,2.2917315999948187,1e-05,0.16474291107678965,False,,predictions/postgres/seed-73.json,C6D80E921CFB9CAC7D896C215E454C45CDB1ABBDA4B5407A922544CC135C177F,executed
hashing,postgres,101,1.8692465000058291,1e-05,0.1601151262485605,False,,predictions/postgres/seed-101.json,DAB29A1BA5EF38518A8B973B8F34AA3600D8B6CC5E4CB8FB8E0137A24AAB8C51,executed
hashing,postgres,137,1.8391484000021592,1e-05,0.15849299806900302,False,,predictions/postgres/seed-137.json,CBFE7153551B6C9689B2E0A8FEBA4C71DE0EE9D370298FA72804035809F52D56,executed
hashing,qemu,13,1.8690713999967556,1e-05,0.16729725108627005,False,,predictions/qemu/seed-13.json,5519543B54309ABBBD8618121D419BE9E3FC9CBD5A805C07FA1B33FA17B69A3C,executed
hashing,qemu,37,1.7796481000114,1e-05,0.158503554592676,False,,predictions/qemu/seed-37.json,E94EAC4FFF9D11522C05982A261B12678DC74297EC15139589086B3B44F88F67,executed
hashing,qemu,73,1.8357077999971807,1e-05,0.1612121225315482,False,,predictions/qemu/seed-73.json,E14251F073E713C187A22B0E8EB74739443F5DDE9F12CCC674E5D156E4AE2A1D,executed
hashing,qemu,101,1.7738169000076596,1e-05,0.15988677081119781,False,,predictions/qemu/seed-101.json,5DDB05FD0AA03B2460E6689831E81D8B10F3BF710972A9E80C66B821D8B217CB,executed
hashing,qemu,137,1.811596700004884,1e-05,0.15338797127733766,False,,predictions/qemu/seed-137.json,341F398A4633DDDD3580B072A541D006B5BF854F6F457220CC1B9BA2CC26F90A,executed
hashing,qpdf,13,1.8602664999925764,1e-05,0.1619217450354458,False,,predictions/qpdf/seed-13.json,2EA7C51EC2727D0C70C45D3BCE2DA209788A5B5E59363FDE76E1AA0C03C027B8,executed
hashing,qpdf,37,1.828959799997392,1e-05,0.15785913977580404,False,,predictions/qpdf/seed-37.json,1A525807B59A0FB189F8C38C82655DAED18E7FD557BFDEAA264DB708D21411D1,executed
hashing,qpdf,73,1.8394870000047376,1e-05,0.1647539248576307,False,,predictions/qpdf/seed-73.json,108F7B8EAF5AB4D788B6D2A84E8110BFD01CE513D547EB06B3D84068458184A2,executed
hashing,qpdf,101,1.8170552999945357,1e-05,0.1592753546695332,False,,predictions/qpdf/seed-101.json,7396C21BB28C0E1A1148B5ACEAB4392FE295694376887F74156B6CEA457CDD43,executed
hashing,qpdf,137,1.7628541000012774,1e-05,0.15331155924903284,False,,predictions/qpdf/seed-137.json,CF5F39A21C58287310B03206AAD114D2A215603CAE5FF0D0D4C44CB335B96FFB,executed
hashing,radare2,13,1.803827399999136,1e-05,0.1606095237411894,False,,predictions/radare2/seed-13.json,1D0729E68BBA90D98B4EC05AF808243C9A683DA0256C13F9436372726D21EF8F,executed
hashing,radare2,37,1.840763899992453,1e-05,0.14725841441170537,False,,predictions/radare2/seed-37.json,C7E30E7E742B16A4165E932FCD88EBD9606298C12A2DA1663F89768347F296B9,executed
hashing,radare2,73,1.7997985999973025,1e-05,0.15878471247439224,False,,predictions/radare2/seed-73.json,E241D3E54EE908FB3CA34CC8CB87B27C13BF1393377338D85B6DDFDEDF55328A,executed
hashing,radare2,101,1.8530498999898555,1e-05,0.15160171401838488,False,,predictions/radare2/seed-101.json,64C468882D5FEC6AD92B31DB5BA131E4A3FDA5BA171D7E4BE171F2BD854635A0,executed
hashing,radare2,137,1.7818163000047207,1e-05,0.16430672617641615,False,,predictions/radare2/seed-137.json,E5A9AFC2456D842C858B3C796F4AD306F21A90EB6CCFFF26688A4CF08299F494,executed
hashing,samba,13,1.8004791000130353,1e-05,0.1548082965893015,False,,predictions/samba/seed-13.json,64F7A02356F6C1A7DC24F87F14D968668967762CD174CB21AF1C7FF74F9542C3,executed
hashing,samba,37,1.750855499994941,1e-05,0.15136598992966957,False,,predictions/samba/seed-37.json,91211D9A44045614A1336DF371B015EFF5C2B1299C22D833670C4D56B7B80BCD,executed
hashing,samba,73,1.8189093999972101,1e-05,0.15888547613672516,False,,predictions/samba/seed-73.json,FDAC62E236FF5667323B8A93ED2F31C0CF4DC63FCF3DE9E9F4EF13D7DC274454,executed
hashing,samba,101,1.8523188999970444,1e-05,0.16045709761402352,False,,predictions/samba/seed-101.json,946E86F03FC886C11A2593E980A0881497A331C4573E8890B0A1DD349FAA4DF3,executed
hashing,samba,137,1.7807163000106812,1e-05,0.15440614410996567,False,,predictions/samba/seed-137.json,946E657E6593D1B6C5AD5109E7196920575B294DC4B8DAFE6972C0879CA4B9B9,executed
hashing,tcpdump,13,1.9179346000018995,1e-05,0.15550800802319886,False,,predictions/tcpdump/seed-13.json,2E20B7CE2F38CBB503231865C7787188729F64052E31DD60D0B18DC549532A06,executed
hashing,tcpdump,37,1.8929340000031516,1e-05,0.15891786081667514,False,,predictions/tcpdump/seed-37.json,0DE3730C2C5057FCB6FFCDB0063743CE53678409FBD8BB3AD5B7CE5B79C4CBA7,executed
hashing,tcpdump,73,1.8658921999885933,1e-05,0.16335854883669618,False,,predictions/tcpdump/seed-73.json,D0D3D96389E077D79F37D0556F0946E62095F831E413CFCA663A1365A31CECA2,executed
hashing,tcpdump,101,1.7733295999933034,1e-05,0.15452204637061293,False,,predictions/tcpdump/seed-101.json,EFB8F38665A3B5E5CE8D677C50DF0867C02D92EA87EC2AEF2AAE32748965AEBB,executed
hashing,tcpdump,137,1.8256313000019873,1e-05,0.16004398821362395,False,,predictions/tcpdump/seed-137.json,534BC0C7D6EB9A3327697FE9DA66195C576196E7EB3914A89B389B5A55BE7822,executed
hashing,tensorflow,13,1.8598345999926096,1e-05,0.15569233555103765,False,,predictions/tensorflow/seed-13.json,7669A463A40F8E8DC62EB7C0144B1AA6234726A9DCAE0019BA719AA05D67E371,executed
hashing,tensorflow,37,2.01519589999225,1e-05,0.1494596139646613,False,,predictions/tensorflow/seed-37.json,B800A5B36EF22B5F0DABFCFF4223D15C7460C798E7D711A9DD1CB766E564B296,executed
hashing,tensorflow,73,1.8144390000088606,1e-05,0.15680284588185156,False,,predictions/tensorflow/seed-73.json,71FFA2E443588480C8A4C063C65CF8235822EBF282E336187A96E7FFBD256BD6,executed
hashing,tensorflow,101,1.7903881000092952,1e-05,0.151597663458015,False,,predictions/tensorflow/seed-101.json,4A15D316F0C283802E6F53437519C0220FC82BCFE6D9ECDBCF609D165E1C42B1,executed
hashing,tensorflow,137,1.8230744000029517,1e-05,0.15306679006171908,False,,predictions/tensorflow/seed-137.json,48C5D25437EF6FD9AF34376AA4B34CEA8D386A52C7170FE5C23532029A59EBBA,executed
hashing,vim,13,1.7921209000051022,1e-05,0.16943388613443122,False,,predictions/vim/seed-13.json,182363A8B5E2B6BFB18AF8217D6C8DE96268107FEBF6B0FF5EBF6EA70AEB8C27,executed
hashing,vim,37,1.8100459999986924,1e-05,0.15861446988543532,False,,predictions/vim/seed-37.json,D280F810EAAB3F0DFC0A1104ED333B9C2D911BA27957A20168D823549C27217C,executed
hashing,vim,73,1.7848329000116792,1e-05,0.16140719050442923,False,,predictions/vim/seed-73.json,3BC54494DC8DC75ACE32FDA6756FB681C5037525C039F8A0876622C1F1159E3E,executed
hashing,vim,101,1.829097100009676,1e-05,0.16108355400504126,False,,predictions/vim/seed-101.json,89BB08695EB6F116114BA11488E70838BB60D0840BA4BA4F76F8D3E1A9ACD851,executed
hashing,vim,137,1.8283727999951225,1e-05,0.1672329519228879,False,,predictions/vim/seed-137.json,81F4EA5CF6AAF85697FCBB8CA2FBE75D5F6A6831B225B9707295034063827786,executed
