detector,fraction,method,metric,projects,median,q25,q75
codebert,0.25,estimated_weight_no_gate_clip_20,vulnerable_miscoverage,24,0.2289823490956635,0.1477798997374075,0.32523200224971877
codebert,0.25,estimated_weight_no_gate_clip_20,safe_miscoverage,24,0.18720582447855177,0.16527270049143666,0.2545590562268645
codebert,0.25,estimated_weight_no_gate_clip_20,vulnerable_violation,24,0.12898234909566353,0.04777989973740748,0.22523200224971876
codebert,0.25,estimated_weight_no_gate_clip_20,safe_violation,24,0.0,0.0,0.054559056226864494
codebert,0.25,estimated_weight_no_gate_clip_20,max_relative_violation,24,1.2898234909566353,0.6319325368012255,2.2523200224971878
codebert,0.25,estimated_weight_no_gate_clip_20,singleton_coverage,24,0.7300857219795345,0.6633549439729353,0.7594587400177462
codebert,0.25,estimated_weight_no_gate_clip_20,review_load,24,0.2699142780204655,0.24054125998225376,0.3366450560270646
codebert,0.25,estimated_weight_no_gate_clip_20,pr_auc,24,0.19275838277662577,0.14115407846153,0.2781983403143705
codebert,0.25,estimated_weight_no_gate_clip_20,brier,24,0.20306575656672493,0.1732672829938936,0.23580358104544363
codebert,0.25,unweighted_mondrian,vulnerable_miscoverage,24,0.22424305429217456,0.1417858829880559,0.3213497899159664
codebert,0.25,unweighted_mondrian,safe_miscoverage,24,0.22315066789179017,0.18018004722550177,0.28446743751344017
codebert,0.25,unweighted_mondrian,vulnerable_violation,24,0.12424305429217454,0.04178588298805587,0.22134978991596635
codebert,0.25,unweighted_mondrian,safe_violation,24,0.023150667891790138,0.0,0.08446743751344019
codebert,0.25,unweighted_mondrian,max_relative_violation,24,1.2701198548825192,0.8511274093829554,2.2134978991596634
codebert,0.25,unweighted_mondrian,singleton_coverage,24,0.7647767042270477,0.7434110033229713,0.7896099237772708
codebert,0.25,unweighted_mondrian,review_load,24,0.23522329577295228,0.21039007622272915,0.2565889966770286
codebert,0.25,unweighted_mondrian,pr_auc,24,0.19275838277662577,0.14115407846153,0.2781983403143705
codebert,0.25,unweighted_mondrian,brier,24,0.20306575656672493,0.1732672829938936,0.23580358104544363
codebert,0.25,vultriage_full_gate_clip_20,vulnerable_miscoverage,24,0.18398273682374994,0.113375644854738,0.3022438248960626
codebert,0.25,vultriage_full_gate_clip_20,safe_miscoverage,24,0.16524859732990532,0.12179374107588209,0.19458018555315681
codebert,0.25,vultriage_full_gate_clip_20,vulnerable_violation,24,0.08708618509961202,0.04142654700047236,0.2066194581280788
codebert,0.25,vultriage_full_gate_clip_20,safe_violation,24,0.0,0.0,0.014139474639304919
codebert,0.25,vultriage_full_gate_clip_20,max_relative_violation,24,0.9128371596380953,0.48106924365294773,2.0661945812807883
codebert,0.25,vultriage_full_gate_clip_20,singleton_coverage,24,0.7220503705757415,0.5682142857142858,0.7568033345322248
codebert,0.25,vultriage_full_gate_clip_20,review_load,24,0.2779496294242585,0.24319666546777519,0.4317857142857143
codebert,0.25,vultriage_full_gate_clip_20,pr_auc,24,0.19275838277662577,0.14115407846153,0.2781983403143705
codebert,0.25,vultriage_full_gate_clip_20,brier,24,0.20306575656672493,0.1732672829938936,0.23580358104544363
codebert,0.5,estimated_weight_no_gate_clip_20,vulnerable_miscoverage,24,0.2296124957766978,0.16860294117647062,0.3364583333333333
codebert,0.5,estimated_weight_no_gate_clip_20,safe_miscoverage,24,0.18735902625513012,0.16458910804911686,0.24867800400478282
codebert,0.5,estimated_weight_no_gate_clip_20,vulnerable_violation,24,0.12961249577669776,0.06860294117647059,0.23645833333333333
codebert,0.5,estimated_weight_no_gate_clip_20,safe_violation,24,0.0,0.0,0.04867800400478281
codebert,0.5,estimated_weight_no_gate_clip_20,max_relative_violation,24,1.2961249577669776,0.7130184331797235,2.364583333333333
codebert,0.5,estimated_weight_no_gate_clip_20,singleton_coverage,24,0.732632716354296,0.6789305585381568,0.7726949105404652
codebert,0.5,estimated_weight_no_gate_clip_20,review_load,24,0.26736728364570395,0.22730508945953462,0.3210694414618433
codebert,0.5,estimated_weight_no_gate_clip_20,pr_auc,24,0.19275838277662577,0.14115407846153,0.2781983403143705
codebert,0.5,estimated_weight_no_gate_clip_20,brier,24,0.20306575656672493,0.1732672829938936,0.23580358104544363
codebert,0.5,unweighted_mondrian,vulnerable_miscoverage,24,0.21540660654416927,0.1396675842782548,0.31756827731092435
codebert,0.5,unweighted_mondrian,safe_miscoverage,24,0.22196620583717358,0.17896503441126502,0.28368457038250106
codebert,0.5,unweighted_mondrian,vulnerable_violation,24,0.11540660654416925,0.039667584278254786,0.21756827731092437
codebert,0.5,unweighted_mondrian,safe_violation,24,0.02196620583717357,0.0,0.08368457038250102
codebert,0.5,unweighted_mondrian,max_relative_violation,24,1.2242482952494917,0.8433931385622498,2.1756827731092434
codebert,0.5,unweighted_mondrian,singleton_coverage,24,0.758583819476178,0.7389523924262424,0.7842134977540172
codebert,0.5,unweighted_mondrian,review_load,24,0.2414161805238219,0.21578650224598284,0.26104760757375756
codebert,0.5,unweighted_mondrian,pr_auc,24,0.19275838277662577,0.14115407846153,0.2781983403143705
codebert,0.5,unweighted_mondrian,brier,24,0.20306575656672493,0.1732672829938936,0.23580358104544363
codebert,0.5,vultriage_full_gate_clip_20,vulnerable_miscoverage,24,0.205591343522378,0.14258764801485954,0.32554368203974504
codebert,0.5,vultriage_full_gate_clip_20,safe_miscoverage,24,0.17006536814810347,0.1394194280824499,0.23938166453852042
codebert,0.5,vultriage_full_gate_clip_20,vulnerable_violation,24,0.11615254944410616,0.045053401439517055,0.225543682039745
codebert,0.5,vultriage_full_gate_clip_20,safe_violation,24,0.0,0.0,0.03938166453852041
codebert,0.5,vultriage_full_gate_clip_20,max_relative_violation,24,1.1615254944410616,0.5519869836795066,2.25543682039745
codebert,0.5,vultriage_full_gate_clip_20,singleton_coverage,24,0.717105920127461,0.654055597867479,0.7661873388294131
codebert,0.5,vultriage_full_gate_clip_20,review_load,24,0.282894079872539,0.23381266117058686,0.345944402132521
codebert,0.5,vultriage_full_gate_clip_20,pr_auc,24,0.19275838277662577,0.14115407846153,0.2781983403143705
codebert,0.5,vultriage_full_gate_clip_20,brier,24,0.20306575656672493,0.1732672829938936,0.23580358104544363
codebert,0.75,estimated_weight_no_gate_clip_20,vulnerable_miscoverage,24,0.22945973496432215,0.17420028646455,0.38051663249031675
codebert,0.75,estimated_weight_no_gate_clip_20,safe_miscoverage,24,0.1891010288412886,0.1657481035119545,0.25019021127337615
codebert,0.75,estimated_weight_no_gate_clip_20,vulnerable_violation,24,0.12945973496432212,0.07420028646455,0.2805166324903167
codebert,0.75,estimated_weight_no_gate_clip_20,safe_violation,24,0.0,0.0,0.05019021127337613
codebert,0.75,estimated_weight_no_gate_clip_20,max_relative_violation,24,1.294597349643221,0.7460204777049391,2.805166324903167
codebert,0.75,estimated_weight_no_gate_clip_20,singleton_coverage,24,0.7534051819634091,0.6867045565468637,0.7842151234063419
codebert,0.75,estimated_weight_no_gate_clip_20,review_load,24,0.2465948180365909,0.21578487659365805,0.3132954434531363
codebert,0.75,estimated_weight_no_gate_clip_20,pr_auc,24,0.19275838277662577,0.14115407846153,0.2781983403143705
codebert,0.75,estimated_weight_no_gate_clip_20,brier,24,0.20306575656672493,0.1732672829938936,0.23580358104544363
codebert,0.75,unweighted_mondrian,vulnerable_miscoverage,24,0.2140031707253684,0.1425247992442135,0.32171743697478994
codebert,0.75,unweighted_mondrian,safe_miscoverage,24,0.22175069441266243,0.17891860080052985,0.28368457038250106
codebert,0.75,unweighted_mondrian,vulnerable_violation,24,0.11400317072536839,0.042524799244213506,0.2217174369747899
codebert,0.75,unweighted_mondrian,safe_violation,24,0.02175069441266242,0.0,0.08368457038250102
codebert,0.75,unweighted_mondrian,max_relative_violation,24,1.2185262083648583,0.8573220996484421,2.217174369747899
codebert,0.75,unweighted_mondrian,singleton_coverage,24,0.7635472135770137,0.7382904000722853,0.7884602661444313
codebert,0.75,unweighted_mondrian,review_load,24,0.23645278642298623,0.21153973385556862,0.2617095999277147
codebert,0.75,unweighted_mondrian,pr_auc,24,0.19275838277662577,0.14115407846153,0.2781983403143705
codebert,0.75,unweighted_mondrian,brier,24,0.20306575656672493,0.1732672829938936,0.23580358104544363
codebert,0.75,vultriage_full_gate_clip_20,vulnerable_miscoverage,24,0.2207428391564369,0.14701181842600053,0.3463115918243678
codebert,0.75,vultriage_full_gate_clip_20,safe_miscoverage,24,0.17582547036736498,0.14665333026553498,0.2420297249866899
codebert,0.75,vultriage_full_gate_clip_20,vulnerable_violation,24,0.12074283915643688,0.04767391888262154,0.24631159182436782
codebert,0.75,vultriage_full_gate_clip_20,safe_violation,24,0.0,0.0,0.04202972498668989
codebert,0.75,vultriage_full_gate_clip_20,max_relative_violation,24,1.2074283915643687,0.6191185157663737,2.4631159182436777
codebert,0.75,vultriage_full_gate_clip_20,singleton_coverage,24,0.7388848119417923,0.6642198242396283,0.7799119310280893
codebert,0.75,vultriage_full_gate_clip_20,review_load,24,0.26111518805820755,0.22008806897191063,0.3357801757603718
codebert,0.75,vultriage_full_gate_clip_20,pr_auc,24,0.19275838277662577,0.14115407846153,0.2781983403143705
codebert,0.75,vultriage_full_gate_clip_20,brier,24,0.20306575656672493,0.1732672829938936,0.23580358104544363
codebert,1.0,estimated_weight_no_gate_clip_20,vulnerable_miscoverage,24,0.2244255587031791,0.17441513487705895,0.3814080656185919
codebert,1.0,estimated_weight_no_gate_clip_20,safe_miscoverage,24,0.18935361575314044,0.1659603260875897,0.25419356609442983
codebert,1.0,estimated_weight_no_gate_clip_20,vulnerable_violation,24,0.12442555870317909,0.07441513487705895,0.28140806561859194
codebert,1.0,estimated_weight_no_gate_clip_20,safe_violation,24,0.0,0.0,0.05419356609442981
codebert,1.0,estimated_weight_no_gate_clip_20,max_relative_violation,24,1.2442555870317906,0.7441513487705894,2.814080656185919
codebert,1.0,estimated_weight_no_gate_clip_20,singleton_coverage,24,0.7489720078149061,0.6974430431642036,0.7770742560489479
codebert,1.0,estimated_weight_no_gate_clip_20,review_load,24,0.2510279921850939,0.2229257439510522,0.3025569568357964
codebert,1.0,estimated_weight_no_gate_clip_20,pr_auc,24,0.19275838277662577,0.14115407846153,0.2781983403143705
codebert,1.0,estimated_weight_no_gate_clip_20,brier,24,0.20306575656672493,0.1732672829938936,0.23580358104544363
codebert,1.0,unweighted_mondrian,vulnerable_miscoverage,24,0.21598617355822958,0.14358959219020626,0.31525735294117646
codebert,1.0,unweighted_mondrian,safe_miscoverage,24,0.22214398956063364,0.17929312926541308,0.2838185587701741
codebert,1.0,unweighted_mondrian,vulnerable_violation,24,0.11598617355822959,0.04358959219020625,0.21525735294117648
codebert,1.0,unweighted_mondrian,safe_violation,24,0.02214398956063364,0.0,0.08381855877017408
codebert,1.0,unweighted_mondrian,max_relative_violation,24,1.2383562366934702,0.8687113589526002,2.1525735294117645
codebert,1.0,unweighted_mondrian,singleton_coverage,24,0.7680339319368931,0.7391491600184537,0.792038422768907
codebert,1.0,unweighted_mondrian,review_load,24,0.23196606806310688,0.2079615772310931,0.26085083998154623
codebert,1.0,unweighted_mondrian,pr_auc,24,0.19275838277662577,0.14115407846153,0.2781983403143705
codebert,1.0,unweighted_mondrian,brier,24,0.20306575656672493,0.1732672829938936,0.23580358104544363
codebert,1.0,vultriage_full_gate_clip_20,vulnerable_miscoverage,24,0.22120285423037717,0.15271622347569164,0.3215311986863711
codebert,1.0,vultriage_full_gate_clip_20,safe_miscoverage,24,0.17796325815678996,0.1460256033336742,0.24229275553550672
codebert,1.0,vultriage_full_gate_clip_20,vulnerable_violation,24,0.12120285423037716,0.052716223475691645,0.2215311986863711
codebert,1.0,vultriage_full_gate_clip_20,safe_violation,24,0.0,0.0,0.042292755535506724
codebert,1.0,vultriage_full_gate_clip_20,max_relative_violation,24,1.2120285423037713,0.6616122255353755,2.2153119868637106
codebert,1.0,vultriage_full_gate_clip_20,singleton_coverage,24,0.724719636308756,0.6896147224628957,0.7743197748476208
codebert,1.0,vultriage_full_gate_clip_20,review_load,24,0.275280363691244,0.22568022515237923,0.3103852775371043
codebert,1.0,vultriage_full_gate_clip_20,pr_auc,24,0.19275838277662577,0.14115407846153,0.2781983403143705
codebert,1.0,vultriage_full_gate_clip_20,brier,24,0.20306575656672493,0.1732672829938936,0.23580358104544363
hashing,0.25,estimated_weight_no_gate_clip_20,vulnerable_miscoverage,24,0.03944828221423966,0.025283251231527096,0.06703334877257991
hashing,0.25,estimated_weight_no_gate_clip_20,safe_miscoverage,24,0.2150457338360564,0.1548453632184264,0.2256142855194485
hashing,0.25,estimated_weight_no_gate_clip_20,vulnerable_violation,24,0.0,0.0,4.137352653403509e-05
hashing,0.25,estimated_weight_no_gate_clip_20,safe_violation,24,0.01571048711306306,0.0,0.025909708543026863
hashing,0.25,estimated_weight_no_gate_clip_20,max_relative_violation,24,0.0991836734693877,0.0012707032310616318,0.15426535410128844
hashing,0.25,estimated_weight_no_gate_clip_20,singleton_coverage,24,0.3549579268946296,0.3117803248723394,0.4136286768933218
hashing,0.25,estimated_weight_no_gate_clip_20,review_load,24,0.6450420731053703,0.5863713231066782,0.6882196751276607
hashing,0.25,estimated_weight_no_gate_clip_20,pr_auc,24,0.18829996467825189,0.14864246771074013,0.2954434568811911
hashing,0.25,estimated_weight_no_gate_clip_20,brier,24,0.1935714260355828,0.150453493799401,0.23971055808736477
hashing,0.25,unweighted_mondrian,vulnerable_miscoverage,24,0.2126114023591088,0.13783321941216678,0.30666860973477117
hashing,0.25,unweighted_mondrian,safe_miscoverage,24,0.1890932903918411,0.135906408526483,0.2529775817768738
hashing,0.25,unweighted_mondrian,vulnerable_violation,24,0.11261140235910877,0.038823650034176344,0.2066686097347712
hashing,0.25,unweighted_mondrian,safe_violation,24,0.005663123993558773,0.0,0.052977581776873776
hashing,0.25,unweighted_mondrian,max_relative_violation,24,1.2708139583595157,0.7796673411574261,2.066686097347712
hashing,0.25,unweighted_mondrian,singleton_coverage,24,0.6942514616746231,0.6722834058116246,0.7274609823003246
hashing,0.25,unweighted_mondrian,review_load,24,0.30574853832537685,0.27253901769967526,0.3277165941883754
hashing,0.25,unweighted_mondrian,pr_auc,24,0.18829996467825189,0.14864246771074013,0.2954434568811911
hashing,0.25,unweighted_mondrian,brier,24,0.1935714260355828,0.150453493799401,0.23971055808736477
hashing,0.25,vultriage_full_gate_clip_20,vulnerable_miscoverage,24,0.0,0.0,0.0
hashing,0.25,vultriage_full_gate_clip_20,safe_miscoverage,24,0.0,0.0,0.0
hashing,0.25,vultriage_full_gate_clip_20,vulnerable_violation,24,0.0,0.0,0.0
hashing,0.25,vultriage_full_gate_clip_20,safe_violation,24,0.0,0.0,0.0
hashing,0.25,vultriage_full_gate_clip_20,max_relative_violation,24,0.0,0.0,0.0
hashing,0.25,vultriage_full_gate_clip_20,singleton_coverage,24,0.0,0.0,0.0
hashing,0.25,vultriage_full_gate_clip_20,review_load,24,1.0,1.0,1.0
hashing,0.25,vultriage_full_gate_clip_20,pr_auc,24,0.18829996467825189,0.14864246771074013,0.2954434568811911
hashing,0.25,vultriage_full_gate_clip_20,brier,24,0.1935714260355828,0.150453493799401,0.23971055808736477
hashing,0.5,estimated_weight_no_gate_clip_20,vulnerable_miscoverage,24,0.07012434374136502,0.037363445378151255,0.0960615984948784
hashing,0.5,estimated_weight_no_gate_clip_20,safe_miscoverage,24,0.21563468950688236,0.15362673137892555,0.22801340136677373
hashing,0.5,estimated_weight_no_gate_clip_20,vulnerable_violation,24,0.00023376623376623385,0.0,0.005931276053728575
hashing,0.5,estimated_weight_no_gate_clip_20,safe_violation,24,0.01613345428239747,0.0,0.028235456674229456
hashing,0.5,estimated_weight_no_gate_clip_20,max_relative_violation,24,0.12479163282953568,0.06798403580303819,0.3097675826252205
hashing,0.5,estimated_weight_no_gate_clip_20,singleton_coverage,24,0.40845112496503216,0.36880615555761564,0.4599744931215479
hashing,0.5,estimated_weight_no_gate_clip_20,review_load,24,0.5915488750349678,0.5400255068784521,0.6311938444423844
hashing,0.5,estimated_weight_no_gate_clip_20,pr_auc,24,0.18829996467825189,0.14864246771074013,0.2954434568811911
hashing,0.5,estimated_weight_no_gate_clip_20,brier,24,0.1935714260355828,0.150453493799401,0.23971055808736477
hashing,0.5,unweighted_mondrian,vulnerable_miscoverage,24,0.20431411096548713,0.13079082148392748,0.2946687068881764
hashing,0.5,unweighted_mondrian,safe_miscoverage,24,0.18787675791733763,0.13476629887099256,0.2511538747569097
hashing,0.5,unweighted_mondrian,vulnerable_violation,24,0.10431411096548711,0.03186656782802075,0.19466870688817642
hashing,0.5,unweighted_mondrian,safe_violation,24,0.005163714439076756,0.0,0.0511538747569097
hashing,0.5,unweighted_mondrian,max_relative_violation,24,1.2144066021532403,0.7288305385955343,1.9466870688817641
hashing,0.5,unweighted_mondrian,singleton_coverage,24,0.6793175541216909,0.6612936860917507,0.7129292597502013
hashing,0.5,unweighted_mondrian,review_load,24,0.3206824458783091,0.28707074024979873,0.33870631390824935
hashing,0.5,unweighted_mondrian,pr_auc,24,0.18829996467825189,0.14864246771074013,0.2954434568811911
hashing,0.5,unweighted_mondrian,brier,24,0.1935714260355828,0.150453493799401,0.23971055808736477
hashing,0.5,vultriage_full_gate_clip_20,vulnerable_miscoverage,24,0.0,0.0,0.01658096508042337
hashing,0.5,vultriage_full_gate_clip_20,safe_miscoverage,24,0.0,0.0,0.04753958321919487
hashing,0.5,vultriage_full_gate_clip_20,vulnerable_violation,24,0.0,0.0,0.0
hashing,0.5,vultriage_full_gate_clip_20,safe_violation,24,0.0,0.0,0.0007935656836461121
hashing,0.5,vultriage_full_gate_clip_20,max_relative_violation,24,0.0,0.0,0.02288559859680548
hashing,0.5,vultriage_full_gate_clip_20,singleton_coverage,24,0.0,0.0,0.07700597082895852
hashing,0.5,vultriage_full_gate_clip_20,review_load,24,1.0,0.9229940291710415,1.0
hashing,0.5,vultriage_full_gate_clip_20,pr_auc,24,0.18829996467825189,0.14864246771074013,0.2954434568811911
hashing,0.5,vultriage_full_gate_clip_20,brier,24,0.1935714260355828,0.150453493799401,0.23971055808736477
hashing,0.75,estimated_weight_no_gate_clip_20,vulnerable_miscoverage,24,0.09448275862068965,0.051282237032744135,0.1310986842105263
hashing,0.75,estimated_weight_no_gate_clip_20,safe_miscoverage,24,0.21671800301148128,0.15419185856160644,0.22874890021356942
hashing,0.75,estimated_weight_no_gate_clip_20,vulnerable_violation,24,0.003821839080459768,0.0,0.03125309597523219
hashing,0.75,estimated_weight_no_gate_clip_20,safe_violation,24,0.017338928717141683,0.0,0.028757221988881462
hashing,0.75,estimated_weight_no_gate_clip_20,max_relative_violation,24,0.2819336776103145,0.09483141323181098,0.5173158458742952
hashing,0.75,estimated_weight_no_gate_clip_20,singleton_coverage,24,0.47595341754665055,0.40879401130991005,0.5559042394777723
hashing,0.75,estimated_weight_no_gate_clip_20,review_load,24,0.5240465824533496,0.44409576052222766,0.59120598869009
hashing,0.75,estimated_weight_no_gate_clip_20,pr_auc,24,0.18829996467825189,0.14864246771074013,0.2954434568811911
hashing,0.75,estimated_weight_no_gate_clip_20,brier,24,0.1935714260355828,0.150453493799401,0.23971055808736477
hashing,0.75,unweighted_mondrian,vulnerable_miscoverage,24,0.2087483617300131,0.13319495922905855,0.3016618089964053
hashing,0.75,unweighted_mondrian,safe_miscoverage,24,0.18754567901234567,0.13422878200420174,0.25083258655501556
hashing,0.75,unweighted_mondrian,vulnerable_violation,24,0.10874836173001311,0.033606442482647075,0.20166180899640532
hashing,0.75,unweighted_mondrian,safe_violation,24,0.004911218464841651,0.0,0.050832586555015546
hashing,0.75,unweighted_mondrian,max_relative_violation,24,1.2249591554606005,0.7612705646367426,2.0166180899640533
hashing,0.75,unweighted_mondrian,singleton_coverage,24,0.6888822695551032,0.6702462499671478,0.7218505361401868
hashing,0.75,unweighted_mondrian,review_load,24,0.31111773044489677,0.2781494638598132,0.3297537500328523
hashing,0.75,unweighted_mondrian,pr_auc,24,0.18829996467825189,0.14864246771074013,0.2954434568811911
hashing,0.75,unweighted_mondrian,brier,24,0.1935714260355828,0.150453493799401,0.23971055808736477
hashing,0.75,vultriage_full_gate_clip_20,vulnerable_miscoverage,24,0.005157677571470676,0.0,0.06775546898411747
hashing,0.75,vultriage_full_gate_clip_20,safe_miscoverage,24,0.03594239575801398,0.0,0.15029185951116822
hashing,0.75,vultriage_full_gate_clip_20,vulnerable_violation,24,0.0,0.0,0.0031005747126436767
hashing,0.75,vultriage_full_gate_clip_20,safe_violation,24,0.0,0.0,0.005216714607443082
hashing,0.75,vultriage_full_gate_clip_20,max_relative_violation,24,0.0,0.0,0.08070094033707453
hashing,0.75,vultriage_full_gate_clip_20,singleton_coverage,24,0.0751185955071258,0.0,0.3781668665907187
hashing,0.75,vultriage_full_gate_clip_20,review_load,24,0.9248814044928741,0.6218331334092813,1.0
hashing,0.75,vultriage_full_gate_clip_20,pr_auc,24,0.18829996467825189,0.14864246771074013,0.2954434568811911
hashing,0.75,vultriage_full_gate_clip_20,brier,24,0.1935714260355828,0.150453493799401,0.23971055808736477
hashing,1.0,estimated_weight_no_gate_clip_20,vulnerable_miscoverage,24,0.11045408492217001,0.07371990564074099,0.16630421236291126
hashing,1.0,estimated_weight_no_gate_clip_20,safe_miscoverage,24,0.21679691323169584,0.15450155268719057,0.22912404718808627
hashing,1.0,estimated_weight_no_gate_clip_20,vulnerable_violation,24,0.012852537533388591,0.0,0.06630421236291126
hashing,1.0,estimated_weight_no_gate_clip_20,safe_violation,24,0.017492565405608878,0.0,0.02912404718808627
hashing,1.0,estimated_weight_no_gate_clip_20,max_relative_violation,24,0.4833670226461353,0.12111899133175721,0.6696703672910451
hashing,1.0,estimated_weight_no_gate_clip_20,singleton_coverage,24,0.5240100070578746,0.483681616283891,0.6039118546686241
hashing,1.0,estimated_weight_no_gate_clip_20,review_load,24,0.4759899929421254,0.39608814533137593,0.516318383716109
hashing,1.0,estimated_weight_no_gate_clip_20,pr_auc,24,0.18829996467825189,0.14864246771074013,0.2954434568811911
hashing,1.0,estimated_weight_no_gate_clip_20,brier,24,0.1935714260355828,0.150453493799401,0.23971055808736477
hashing,1.0,unweighted_mondrian,vulnerable_miscoverage,24,0.21301878549584974,0.13830952220500034,0.3081268823472263
hashing,1.0,unweighted_mondrian,safe_miscoverage,24,0.1884659151905529,0.13469840470049702,0.25152835464595275
hashing,1.0,unweighted_mondrian,vulnerable_violation,24,0.1130187854958497,0.03830952220500033,0.20812688234722626
hashing,1.0,unweighted_mondrian,safe_violation,24,0.005213097155126137,0.0,0.05152835464595269
hashing,1.0,unweighted_mondrian,max_relative_violation,24,1.2423861589376228,0.7831685816339098,2.0812688234722625
hashing,1.0,unweighted_mondrian,singleton_coverage,24,0.6969124382087817,0.6770432216972296,0.7303612222419433
hashing,1.0,unweighted_mondrian,review_load,24,0.3030875617912184,0.26963877775805667,0.3229567783027705
hashing,1.0,unweighted_mondrian,pr_auc,24,0.18829996467825189,0.14864246771074013,0.2954434568811911
hashing,1.0,unweighted_mondrian,brier,24,0.1935714260355828,0.150453493799401,0.23971055808736477
hashing,1.0,vultriage_full_gate_clip_20,vulnerable_miscoverage,24,0.0028708133971291866,0.0,0.09800903119868637
hashing,1.0,vultriage_full_gate_clip_20,safe_miscoverage,24,0.13406365825746835,0.0,0.2115557127491032
hashing,1.0,vultriage_full_gate_clip_20,vulnerable_violation,24,0.0,0.0,0.0015886699507389143
hashing,1.0,vultriage_full_gate_clip_20,safe_violation,24,0.0,0.0,0.01303674090087798
hashing,1.0,vultriage_full_gate_clip_20,max_relative_violation,24,0.0,0.0,0.1268858018315774
hashing,1.0,vultriage_full_gate_clip_20,singleton_coverage,24,0.2777551020408163,0.0,0.5092419571507303
hashing,1.0,vultriage_full_gate_clip_20,review_load,24,0.7222448979591837,0.4907580428492698,1.0
hashing,1.0,vultriage_full_gate_clip_20,pr_auc,24,0.18829996467825189,0.14864246771074013,0.2954434568811911
hashing,1.0,vultriage_full_gate_clip_20,brier,24,0.1935714260355828,0.150453493799401,0.23971055808736477
