target_group,alpha_vulnerable,alpha_safe,vulnerable_violation,safe_violation,raw_singleton_coverage,total_ess,safe_ess,vulnerable_ess,domain_auroc,lower_clipping_fraction,upper_clipping_fraction,maximum_infinity_mass,p99_infinity_mass,log1p_total_ess,log1p_safe_ess,log1p_vulnerable_ess,relative_violation,severe_violation,crossfit_severe_probability,crossfit_gate_pass,crossfit_predicted_severe
chrome,0.01,0.05,1.0050251256281396e-05,0.0,0.041242478451780716,6082.743421110458,5950.277056180771,189.66426491170256,0.981175358689887,0.3132096557890031,0.000424675905230219,0.07744613725782508,0.07744613725782508,8.713375479759852,8.691361106800562,5.250514106015405,0.0010050251256281395,0,0.9402170584682548,False,True
chrome,0.01,0.1,1.0050251256281396e-05,0.0,0.0816067653276955,6082.743421110458,5950.277056180771,189.66426491170256,0.981175358689887,0.3132096557890031,0.000424675905230219,0.07744613725782508,0.07744613725782508,8.713375479759852,8.691361106800562,5.250514106015405,0.0010050251256281395,0,0.9402170584682548,False,True
chrome,0.01,0.2,1.0050251256281396e-05,0.0,0.18346614625684388,6082.743421110458,5950.277056180771,189.66426491170256,0.981175358689887,0.3132096557890031,0.000424675905230219,0.07744613725782508,0.07744613725782508,8.713375479759852,8.691361106800562,5.250514106015405,0.0010050251256281395,0,0.9402170584682548,False,True
chrome,0.05,0.05,0.006783919597989881,0.0,0.226118067978533,6082.743421110458,5950.277056180771,189.66426491170256,0.981175358689887,0.3132096557890031,0.000424675905230219,0.07744613725782508,0.07744613725782508,8.713375479759852,8.691361106800562,5.250514106015405,0.1356783919597976,0,0.9402170584682548,False,True
chrome,0.05,0.1,0.006783919597989881,0.0,0.2664823548544478,6082.743421110458,5950.277056180771,189.66426491170256,0.981175358689887,0.3132096557890031,0.000424675905230219,0.07744613725782508,0.07744613725782508,8.713375479759852,8.691361106800562,5.250514106015405,0.1356783919597976,0,0.9402170584682548,False,True
chrome,0.05,0.2,0.006783919597989881,0.0,0.3683417357835962,6082.743421110458,5950.277056180771,189.66426491170256,0.981175358689887,0.3132096557890031,0.000424675905230219,0.07744613725782508,0.07744613725782508,8.713375479759852,8.691361106800562,5.250514106015405,0.1356783919597976,0,0.9402170584682548,False,True
chrome,0.1,0.05,0.02110552763819088,0.0,0.4295549411828482,6082.743421110458,5950.277056180771,189.66426491170256,0.981175358689887,0.3132096557890031,0.000424675905230219,0.07744613725782508,0.07744613725782508,8.713375479759852,8.691361106800562,5.250514106015405,0.2110552763819088,0,0.9402170584682548,False,True
chrome,0.1,0.1,0.02110552763819088,0.0,0.46991922805876285,6082.743421110458,5950.277056180771,189.66426491170256,0.981175358689887,0.3132096557890031,0.000424675905230219,0.07744613725782508,0.07744613725782508,8.713375479759852,8.691361106800562,5.250514106015405,0.2110552763819088,0,0.9402170584682548,False,True
chrome,0.1,0.2,0.02110552763819088,0.0,0.5717786089879113,6082.743421110458,5950.277056180771,189.66426491170256,0.981175358689887,0.3132096557890031,0.000424675905230219,0.07744613725782508,0.07744613725782508,8.713375479759852,8.691361106800562,5.250514106015405,0.2110552763819088,0,0.9402170584682548,False,True
ffmpeg,0.01,0.05,0.0,0.00297456690011056,0.07212420606916017,6176.248174377446,5951.052676084663,229.89354500339016,0.9918717500886198,0.3283535114039321,0.00010491197884974506,0.05480709985018447,0.05480709985018447,8.728628172058553,8.691491426622399,5.441956760159329,0.059491338002211194,0,0.6632379248523067,False,True
ffmpeg,0.01,0.1,0.0,0.017287136011795,0.14742413549752995,6176.248174377446,5951.052676084663,229.89354500339016,0.9918717500886198,0.3283535114039321,0.00010491197884974506,0.05480709985018447,0.05480709985018447,8.728628172058553,8.691491426622399,5.441956760159329,0.17287136011794998,0,0.6632379248523067,False,True
ffmpeg,0.01,0.2,0.0,0.05735348322889786,0.291531404375441,6176.248174377446,5951.052676084663,229.89354500339016,0.9918717500886198,0.3283535114039321,0.00010491197884974506,0.05480709985018447,0.05480709985018447,8.728628172058553,8.691491426622399,5.441956760159329,0.2867674161444893,0,0.6632379248523067,False,True
ffmpeg,0.05,0.05,0.0,0.00297456690011056,0.1830628087508821,6176.248174377446,5951.052676084663,229.89354500339016,0.9918717500886198,0.3283535114039321,0.00010491197884974506,0.05480709985018447,0.05480709985018447,8.728628172058553,8.691491426622399,5.441956760159329,0.059491338002211194,0,0.6632379248523067,False,True
ffmpeg,0.05,0.1,0.0,0.017287136011795,0.2583627381792519,6176.248174377446,5951.052676084663,229.89354500339016,0.9918717500886198,0.3283535114039321,0.00010491197884974506,0.05480709985018447,0.05480709985018447,8.728628172058553,8.691491426622399,5.441956760159329,0.17287136011794998,0,0.6632379248523067,False,True
ffmpeg,0.05,0.2,0.0,0.05735348322889786,0.40247000705716307,6176.248174377446,5951.052676084663,229.89354500339016,0.9918717500886198,0.3283535114039321,0.00010491197884974506,0.05480709985018447,0.05480709985018447,8.728628172058553,8.691491426622399,5.441956760159329,0.2867674161444893,0,0.6632379248523067,False,True
ffmpeg,0.1,0.05,0.0,0.00297456690011056,0.3570218772053634,6176.248174377446,5951.052676084663,229.89354500339016,0.9918717500886198,0.3283535114039321,0.00010491197884974506,0.05480709985018447,0.05480709985018447,8.728628172058553,8.691491426622399,5.441956760159329,0.059491338002211194,0,0.6632379248523067,False,True
ffmpeg,0.1,0.1,0.0,0.017287136011795,0.43232180663373326,6176.248174377446,5951.052676084663,229.89354500339016,0.9918717500886198,0.3283535114039321,0.00010491197884974506,0.05480709985018447,0.05480709985018447,8.728628172058553,8.691491426622399,5.441956760159329,0.17287136011794998,0,0.6632379248523067,False,True
ffmpeg,0.1,0.2,0.0,0.05735348322889786,0.5764290755116444,6176.248174377446,5951.052676084663,229.89354500339016,0.9918717500886198,0.3283535114039321,0.00010491197884974506,0.05480709985018447,0.05480709985018447,8.728628172058553,8.691491426622399,5.441956760159329,0.2867674161444893,0,0.6632379248523067,False,True
gpac,0.01,0.05,0.0,0.0,0.0317122593718338,4637.0207506042725,4410.931315521029,563.8055308270028,0.9974683798123385,0.42152674005009155,0.00012628122829541388,0.12292017194269353,0.12292017194269353,8.442042991846924,8.39206781260059,6.336481478671813,0.0,0,0.24429615240321612,True,False
gpac,0.01,0.1,0.0,0.0,0.06984126984126979,4637.0207506042725,4410.931315521029,563.8055308270028,0.9974683798123385,0.42152674005009155,0.00012628122829541388,0.12292017194269353,0.12292017194269353,8.442042991846924,8.39206781260059,6.336481478671813,0.0,0,0.24429615240321612,True,False
gpac,0.01,0.2,0.0,0.0,0.17467071935157036,4637.0207506042725,4410.931315521029,563.8055308270028,0.9974683798123385,0.42152674005009155,0.00012628122829541388,0.12292017194269353,0.12292017194269353,8.442042991846924,8.39206781260059,6.336481478671813,0.0,0,0.24429615240321612,True,False
gpac,0.05,0.05,0.0,0.0,0.07210401891252947,4637.0207506042725,4410.931315521029,563.8055308270028,0.9974683798123385,0.42152674005009155,0.00012628122829541388,0.12292017194269353,0.12292017194269353,8.442042991846924,8.39206781260059,6.336481478671813,0.0,0,0.24429615240321612,True,False
gpac,0.05,0.1,0.0,0.0,0.11023302938196552,4637.0207506042725,4410.931315521029,563.8055308270028,0.9974683798123385,0.42152674005009155,0.00012628122829541388,0.12292017194269353,0.12292017194269353,8.442042991846924,8.39206781260059,6.336481478671813,0.0,0,0.24429615240321612,True,False
gpac,0.05,0.2,0.0,0.0,0.21506247889226607,4637.0207506042725,4410.931315521029,563.8055308270028,0.9974683798123385,0.42152674005009155,0.00012628122829541388,0.12292017194269353,0.12292017194269353,8.442042991846924,8.39206781260059,6.336481478671813,0.0,0,0.24429615240321612,True,False
gpac,0.1,0.05,0.0,0.0,0.12752448497129346,4637.0207506042725,4410.931315521029,563.8055308270028,0.9974683798123385,0.42152674005009155,0.00012628122829541388,0.12292017194269353,0.12292017194269353,8.442042991846924,8.39206781260059,6.336481478671813,0.0,0,0.24429615240321612,True,False
gpac,0.1,0.1,0.0,0.0,0.16565349544072944,4637.0207506042725,4410.931315521029,563.8055308270028,0.9974683798123385,0.42152674005009155,0.00012628122829541388,0.12292017194269353,0.12292017194269353,8.442042991846924,8.39206781260059,6.336481478671813,0.0,0,0.24429615240321612,True,False
gpac,0.1,0.2,0.0,0.0,0.27048294495103004,4637.0207506042725,4410.931315521029,563.8055308270028,0.9974683798123385,0.42152674005009155,0.00012628122829541388,0.12292017194269353,0.12292017194269353,8.442042991846924,8.39206781260059,6.336481478671813,0.0,0,0.24429615240321612,True,False
imagemagick,0.01,0.05,0.0,0.07268511240371009,0.15091307523739952,4857.938827988112,4683.8693395172095,292.893000333647,0.9979205306472372,0.46282150871741756,4.315553253927153e-05,0.129404614431916,0.129404614431916,8.488575344902518,8.452093305173094,5.683215756651452,1.4537022480742017,1,0.1377734622313773,True,False
imagemagick,0.01,0.1,0.0,0.13625216160980974,0.270854638422206,4857.938827988112,4683.8693395172095,292.893000333647,0.9979205306472372,0.46282150871741756,4.315553253927153e-05,0.129404614431916,0.129404614431916,8.488575344902518,8.452093305173094,5.683215756651452,1.3625216160980973,1,0.1377734622313773,True,False
imagemagick,0.01,0.2,0.0,0.17673321804747677,0.41119065010956907,4857.938827988112,4683.8693395172095,292.893000333647,0.9979205306472372,0.46282150871741756,4.315553253927153e-05,0.129404614431916,0.129404614431916,8.488575344902518,8.452093305173094,5.683215756651452,0.8836660902373838,1,0.1377734622313773,True,False
imagemagick,0.05,0.05,0.0,0.07268511240371009,0.18550766983199413,4857.938827988112,4683.8693395172095,292.893000333647,0.9979205306472372,0.46282150871741756,4.315553253927153e-05,0.129404614431916,0.129404614431916,8.488575344902518,8.452093305173094,5.683215756651452,1.4537022480742017,1,0.1377734622313773,True,False
imagemagick,0.05,0.1,0.0,0.13625216160980974,0.30544923301680055,4857.938827988112,4683.8693395172095,292.893000333647,0.9979205306472372,0.46282150871741756,4.315553253927153e-05,0.129404614431916,0.129404614431916,8.488575344902518,8.452093305173094,5.683215756651452,1.3625216160980973,1,0.1377734622313773,True,False
imagemagick,0.05,0.2,0.0,0.17673321804747677,0.4457852447041636,4857.938827988112,4683.8693395172095,292.893000333647,0.9979205306472372,0.46282150871741756,4.315553253927153e-05,0.129404614431916,0.129404614431916,8.488575344902518,8.452093305173094,5.683215756651452,0.8836660902373838,1,0.1377734622313773,True,False
imagemagick,0.1,0.05,0.0,0.07268511240371009,0.26968590211833454,4857.938827988112,4683.8693395172095,292.893000333647,0.9979205306472372,0.46282150871741756,4.315553253927153e-05,0.129404614431916,0.129404614431916,8.488575344902518,8.452093305173094,5.683215756651452,1.4537022480742017,1,0.1377734622313773,True,False
imagemagick,0.1,0.1,0.0,0.13625216160980974,0.38962746530314096,4857.938827988112,4683.8693395172095,292.893000333647,0.9979205306472372,0.46282150871741756,4.315553253927153e-05,0.129404614431916,0.129404614431916,8.488575344902518,8.452093305173094,5.683215756651452,1.3625216160980973,1,0.1377734622313773,True,False
imagemagick,0.1,0.2,0.0,0.17673321804747677,0.5299634769905041,4857.938827988112,4683.8693395172095,292.893000333647,0.9979205306472372,0.46282150871741756,4.315553253927153e-05,0.129404614431916,0.129404614431916,8.488575344902518,8.452093305173094,5.683215756651452,0.8836660902373838,1,0.13777346223137726,True,False
linux,0.01,0.05,0.0,0.0,0.04464030725294202,1911.076626141639,1854.3863783873273,108.8248298370383,0.9805403371695598,0.2235828288387452,0.005283434232250963,0.06834656306791985,0.06834656306791985,7.55594516924222,7.525848243587892,4.698886640459671,0.0,0,2.2154728555413633e-17,True,False
linux,0.01,0.1,0.0,0.0,0.092960428053244,1911.076626141639,1854.3863783873273,108.8248298370383,0.9805403371695598,0.2235828288387452,0.005283434232250963,0.06834656306791985,0.06834656306791985,7.55594516924222,7.525848243587892,4.698886640459671,0.0,0,2.2154728555413633e-17,True,False
linux,0.01,0.2,0.0,0.0,0.20897795722750173,1911.076626141639,1854.3863783873273,108.8248298370383,0.9805403371695598,0.2235828288387452,0.005283434232250963,0.06834656306791985,0.06834656306791985,7.55594516924222,7.525848243587892,4.698886640459671,0.0,0,2.2154728555413633e-17,True,False
linux,0.05,0.05,0.0,0.0,0.1379224317626011,1911.076626141639,1854.3863783873273,108.8248298370383,0.9805403371695598,0.2235828288387452,0.005283434232250963,0.06834656306791985,0.06834656306791985,7.55594516924222,7.525848243587892,4.698886640459671,0.0,0,2.2154728555413633e-17,True,False
linux,0.05,0.1,0.0,0.0,0.18624255256290312,1911.076626141639,1854.3863783873273,108.8248298370383,0.9805403371695598,0.2235828288387452,0.005283434232250963,0.06834656306791985,0.06834656306791985,7.55594516924222,7.525848243587892,4.698886640459671,0.0,0,2.2154728555413633e-17,True,False
linux,0.05,0.2,0.0,0.0,0.30226008173716085,1911.076626141639,1854.3863783873273,108.8248298370383,0.9805403371695598,0.2235828288387452,0.005283434232250963,0.06834656306791985,0.06834656306791985,7.55594516924222,7.525848243587892,4.698886640459671,0.0,0,2.2154728555413633e-17,True,False
linux,0.1,0.05,0.028123652048885638,0.0,0.41587145272211,1911.076626141639,1854.3863783873273,108.8248298370383,0.9805403371695598,0.2235828288387452,0.005283434232250963,0.06834656306791985,0.06834656306791985,7.55594516924222,7.525848243587892,4.698886640459671,0.28123652048885633,0,2.2154728555413633e-17,True,False
linux,0.1,0.1,0.028123652048885638,0.0,0.4641915735224121,1911.076626141639,1854.3863783873273,108.8248298370383,0.9805403371695598,0.2235828288387452,0.005283434232250963,0.06834656306791985,0.06834656306791985,7.55594516924222,7.525848243587892,4.698886640459671,0.28123652048885633,0,2.2154728555413633e-17,True,False
linux,0.1,0.2,0.028123652048885638,0.0,0.5802091026966698,1911.076626141639,1854.3863783873273,108.8248298370383,0.9805403371695598,0.2235828288387452,0.005283434232250963,0.06834656306791985,0.06834656306791985,7.55594516924222,7.525848243587892,4.698886640459671,0.28123652048885633,0,2.2154728555413633e-17,True,False
openssl,0.01,0.05,0.0005641025641025599,0.06989974937343355,0.1843793584379358,5454.371572864443,5289.694466424916,168.39527697899894,0.9911154714289994,0.29470212587177547,0.00016805310478111083,0.045449261133058104,0.045449261133058104,8.60435601196286,8.573704795333336,5.132234900949694,1.3979949874686708,1,0.11543806857282139,True,False
openssl,0.01,0.1,0.0005641025641025599,0.10310776942355886,0.2725244072524407,5454.371572864443,5289.694466424916,168.39527697899894,0.9911154714289994,0.29470212587177547,0.00016805310478111083,0.045449261133058104,0.045449261133058104,8.60435601196286,8.573704795333336,5.132234900949694,1.0310776942355886,1,0.11543806857282139,True,False
openssl,0.01,0.2,0.0005641025641025599,0.11117794486215533,0.3854021385402138,5454.371572864443,5289.694466424916,168.39527697899894,0.9911154714289994,0.29470212587177547,0.00016805310478111083,0.045449261133058104,0.045449261133058104,8.60435601196286,8.573704795333336,5.132234900949694,0.5558897243107767,1,0.11543806857282139,True,False
openssl,0.05,0.05,0.0,0.06989974937343355,0.3684797768479776,5454.371572864443,5289.694466424916,168.39527697899894,0.9911154714289994,0.29470212587177547,0.00016805310478111083,0.045449261133058104,0.045449261133058104,8.60435601196286,8.573704795333336,5.132234900949694,1.3979949874686708,1,0.11543806857282139,True,False
openssl,0.05,0.1,0.0,0.10310776942355886,0.4566248256624825,5454.371572864443,5289.694466424916,168.39527697899894,0.9911154714289994,0.29470212587177547,0.00016805310478111083,0.045449261133058104,0.045449261133058104,8.60435601196286,8.573704795333336,5.132234900949694,1.0310776942355886,1,0.11543806857282139,True,False
openssl,0.05,0.2,0.0,0.11117794486215533,0.5695025569502558,5454.371572864443,5289.694466424916,168.39527697899894,0.9911154714289994,0.29470212587177547,0.00016805310478111083,0.045449261133058104,0.045449261133058104,8.60435601196286,8.573704795333336,5.132234900949694,0.5558897243107767,1,0.11543806857282139,True,False
openssl,0.1,0.05,0.0,0.06989974937343355,0.5189214318921431,5454.371572864443,5289.694466424916,168.39527697899894,0.9911154714289994,0.29470212587177547,0.00016805310478111083,0.045449261133058104,0.045449261133058104,8.60435601196286,8.573704795333336,5.132234900949694,1.3979949874686708,1,0.11543806857282139,True,False
openssl,0.1,0.1,0.0,0.10310776942355886,0.6070664807066481,5454.371572864443,5289.694466424916,168.39527697899894,0.9911154714289994,0.29470212587177547,0.00016805310478111083,0.045449261133058104,0.045449261133058104,8.60435601196286,8.573704795333336,5.132234900949694,1.0310776942355886,1,0.11543806857282139,True,False
openssl,0.1,0.2,0.0,0.11117794486215533,0.7199442119944213,5454.371572864443,5289.694466424916,168.39527697899894,0.9911154714289994,0.29470212587177547,0.00016805310478111083,0.045449261133058104,0.045449261133058104,8.60435601196286,8.573704795333336,5.132234900949694,0.5558897243107767,1,0.11543806857282139,True,False
php,0.01,0.05,0.0,0.0,0.0851621146781664,9732.70414917955,9327.226291988296,447.2172845350971,0.9850039067905225,0.14832679486354963,0.0003215640877226831,0.04215571185319957,0.04215571185319957,9.183349796381018,9.140800167728726,6.105278124958577,0.0,0,0.023749669912609482,True,False
php,0.01,0.1,0.0,0.0,0.13687909279667781,9732.70414917955,9327.226291988296,447.2172845350971,0.9850039067905225,0.14832679486354963,0.0003215640877226831,0.04215571185319957,0.04215571185319957,9.183349796381018,9.140800167728726,6.105278124958577,0.0,0,0.023749669912609482,True,False
php,0.01,0.2,0.0,0.0,0.24785178086567639,9732.70414917955,9327.226291988296,447.2172845350971,0.9850039067905225,0.14832679486354963,0.0003215640877226831,0.04215571185319957,0.04215571185319957,9.183349796381018,9.140800167728726,6.105278124958577,0.0,0,0.023749669912609482,True,False
php,0.05,0.05,0.00040892193308550006,0.0,0.26197093116115633,9732.70414917955,9327.226291988296,447.2172845350971,0.9850039067905225,0.14832679486354963,0.0003215640877226831,0.04215571185319957,0.04215571185319957,9.183349796381018,9.140800167728726,6.105278124958577,0.00817843866171,0,0.023749669912609482,True,False
php,0.05,0.1,0.00040892193308550006,0.0,0.3136879092796677,9732.70414917955,9327.226291988296,447.2172845350971,0.9850039067905225,0.14832679486354963,0.0003215640877226831,0.04215571185319957,0.04215571185319957,9.183349796381018,9.140800167728726,6.105278124958577,0.00817843866171,0,0.023749669912609482,True,False
php,0.05,0.2,0.00040892193308550006,0.0,0.42466059734866635,9732.70414917955,9327.226291988296,447.2172845350971,0.9850039067905225,0.14832679486354963,0.0003215640877226831,0.04215571185319957,0.04215571185319957,9.183349796381018,9.140800167728726,6.105278124958577,0.00817843866171,0,0.023749669912609482,True,False
php,0.1,0.05,0.011524163568773201,0.0,0.47327902890911994,9732.70414917955,9327.226291988296,447.2172845350971,0.9850039067905225,0.14832679486354963,0.0003215640877226831,0.04215571185319957,0.04215571185319957,9.183349796381018,9.140800167728726,6.105278124958577,0.115241635687732,0,0.023749669912609482,True,False
php,0.1,0.1,0.011524163568773201,0.0,0.5249960070276314,9732.70414917955,9327.226291988296,447.2172845350971,0.9850039067905225,0.14832679486354963,0.0003215640877226831,0.04215571185319957,0.04215571185319957,9.183349796381018,9.140800167728726,6.105278124958577,0.115241635687732,0,0.023749669912609482,True,False
php,0.1,0.2,0.011524163568773201,0.0,0.6359686950966299,9732.70414917955,9327.226291988296,447.2172845350971,0.9850039067905225,0.14832679486354963,0.0003215640877226831,0.04215571185319957,0.04215571185319957,9.183349796381018,9.140800167728726,6.105278124958577,0.115241635687732,0,0.023749669912609482,True,False
qemu,0.01,0.05,0.0,0.0,0.037989886219974636,5090.892333195812,4985.545419310339,113.52121436785833,0.9847298688370822,0.1458505127391902,0.0006554604080769638,0.044791119408559885,0.044791119408559885,8.535404815148139,8.514498648255337,4.740760084154292,0.0,0,0.14097381782327803,True,False
qemu,0.01,0.1,0.0,0.0,0.07695954487989883,5090.892333195812,4985.545419310339,113.52121436785833,0.9847298688370822,0.1458505127391902,0.0006554604080769638,0.044791119408559885,0.044791119408559885,8.535404815148139,8.514498648255337,4.740760084154292,0.0,0,0.14097381782327803,True,False
qemu,0.01,0.2,0.0,0.0,0.17550568900126418,5090.892333195812,4985.545419310339,113.52121436785833,0.9847298688370822,0.1458505127391902,0.0006554604080769638,0.044791119408559885,0.044791119408559885,8.535404815148139,8.514498648255337,4.740760084154292,0.0,0,0.14097381782327803,True,False
qemu,0.05,0.05,0.05508474576271179,0.0,0.2737357774968394,5090.892333195812,4985.545419310339,113.52121436785833,0.9847298688370822,0.1458505127391902,0.0006554604080769638,0.044791119408559885,0.044791119408559885,8.535404815148139,8.514498648255337,4.740760084154292,1.1016949152542357,1,0.14097381782327803,True,False
qemu,0.05,0.1,0.05508474576271179,0.0,0.31270543615676355,5090.892333195812,4985.545419310339,113.52121436785833,0.9847298688370822,0.1458505127391902,0.0006554604080769638,0.044791119408559885,0.044791119408559885,8.535404815148139,8.514498648255337,4.740760084154292,1.1016949152542357,1,0.14097381782327803,True,False
qemu,0.05,0.2,0.05508474576271179,0.0,0.41125158027812897,5090.892333195812,4985.545419310339,113.52121436785833,0.9847298688370822,0.1458505127391902,0.0006554604080769638,0.044791119408559885,0.044791119408559885,8.535404815148139,8.514498648255337,4.740760084154292,1.1016949152542357,1,0.14097381782327803,True,False
qemu,0.1,0.05,0.17796610169491522,0.0,0.5712705436156764,5090.892333195812,4985.545419310339,113.52121436785833,0.9847298688370822,0.1458505127391902,0.0006554604080769638,0.044791119408559885,0.044791119408559885,8.535404815148139,8.514498648255337,4.740760084154292,1.7796610169491522,1,0.14097381782327803,True,False
qemu,0.1,0.1,0.17796610169491522,0.0,0.6102402022756005,5090.892333195812,4985.545419310339,113.52121436785833,0.9847298688370822,0.1458505127391902,0.0006554604080769638,0.044791119408559885,0.044791119408559885,8.535404815148139,8.514498648255337,4.740760084154292,1.7796610169491522,1,0.14097381782327803,True,False
qemu,0.1,0.2,0.17796610169491522,0.0,0.7087863463969659,5090.892333195812,4985.545419310339,113.52121436785833,0.9847298688370822,0.1458505127391902,0.0006554604080769638,0.044791119408559885,0.044791119408559885,8.535404815148139,8.514498648255337,4.740760084154292,1.7796610169491522,1,0.14097381782327803,True,False
radare2,0.01,0.05,0.0,0.0,0.045944055944055914,4007.86899507496,3873.981041563752,138.94858620691633,0.9931484571016146,0.24879364477316307,0.0007164380386455106,0.06928115093806318,0.06928115093806318,8.296264434402158,8.262296049275802,4.941275113780506,0.0,0,0.9388007001158392,False,True
radare2,0.01,0.1,0.0,0.0,0.09811188811188806,4007.86899507496,3873.981041563752,138.94858620691633,0.9931484571016146,0.24879364477316307,0.0007164380386455106,0.06928115093806318,0.06928115093806318,8.296264434402158,8.262296049275802,4.941275113780506,0.0,0,0.9388007001158392,False,True
radare2,0.01,0.2,0.0,0.0033632770391663403,0.2201398601398601,4007.86899507496,3873.981041563752,138.94858620691633,0.9931484571016146,0.24879364477316307,0.0007164380386455106,0.06928115093806318,0.06928115093806318,8.296264434402158,8.262296049275802,4.941275113780506,0.0168163851958317,0,0.9388007001158392,False,True
radare2,0.05,0.05,0.0,0.0,0.1538461538461538,4007.86899507496,3873.981041563752,138.94858620691633,0.9931484571016146,0.24879364477316307,0.0007164380386455106,0.06928115093806318,0.06928115093806318,8.296264434402158,8.262296049275802,4.941275113780506,0.0,0,0.9388007001158392,False,True
radare2,0.05,0.1,0.0,0.0,0.20601398601398596,4007.86899507496,3873.981041563752,138.94858620691633,0.9931484571016146,0.24879364477316307,0.0007164380386455106,0.06928115093806318,0.06928115093806318,8.296264434402158,8.262296049275802,4.941275113780506,0.0,0,0.9388007001158392,False,True
radare2,0.05,0.2,0.0,0.0033632770391663403,0.328041958041958,4007.86899507496,3873.981041563752,138.94858620691633,0.9931484571016146,0.24879364477316307,0.0007164380386455106,0.06928115093806318,0.06928115093806318,8.296264434402158,8.262296049275802,4.941275113780506,0.0168163851958317,0,0.9388007001158392,False,True
radare2,0.1,0.05,0.0,0.0,0.34867132867132866,4007.86899507496,3873.981041563752,138.94858620691633,0.9931484571016146,0.24879364477316307,0.0007164380386455106,0.06928115093806318,0.06928115093806318,8.296264434402158,8.262296049275802,4.941275113780506,0.0,0,0.9388007001158392,False,True
radare2,0.1,0.1,0.0,0.0,0.4008391608391609,4007.86899507496,3873.981041563752,138.94858620691633,0.9931484571016146,0.24879364477316307,0.0007164380386455106,0.06928115093806318,0.06928115093806318,8.296264434402158,8.262296049275802,4.941275113780506,0.0,0,0.9388007001158392,False,True
radare2,0.1,0.2,0.0,0.0033632770391663403,0.5228671328671328,4007.86899507496,3873.981041563752,138.94858620691633,0.9931484571016146,0.24879364477316307,0.0007164380386455106,0.06928115093806318,0.06928115093806318,8.296264434402158,8.262296049275802,4.941275113780506,0.0168163851958317,0,0.9388007001158392,False,True
tcpdump,0.01,0.05,0.0,0.0069287020109688995,0.07592592592592588,15433.504957087767,14996.527086027188,454.40583204520397,0.9930518684215115,0.30806947560874265,0.0,0.08563972664744787,0.08563972664744787,9.644360863670883,9.615640605561769,6.12118895997101,0.13857404021937797,0,0.06623215590251999,True,False
tcpdump,0.01,0.1,0.0,0.0488117001828153,0.18148148148148144,15433.504957087767,14996.527086027188,454.40583204520397,0.9930518684215115,0.30806947560874265,0.0,0.08563972664744787,0.08563972664744787,9.644360863670883,9.615640605561769,6.12118895997101,0.48811700182815293,0,0.06623215590251999,True,False
tcpdump,0.01,0.2,0.0,0.10566727605118824,0.36296296296296293,15433.504957087767,14996.527086027188,454.40583204520397,0.9930518684215115,0.30806947560874265,0.0,0.08563972664744787,0.08563972664744787,9.644360863670883,9.615640605561769,6.12118895997101,0.5283363802559412,1,0.06623215590251999,True,False
tcpdump,0.05,0.05,0.0,0.0069287020109688995,0.1135802469135802,15433.504957087767,14996.527086027188,454.40583204520397,0.9930518684215115,0.30806947560874265,0.0,0.08563972664744787,0.08563972664744787,9.644360863670883,9.615640605561769,6.12118895997101,0.13857404021937797,0,0.06623215590251999,True,False
tcpdump,0.05,0.1,0.0,0.0488117001828153,0.21913580246913575,15433.504957087767,14996.527086027188,454.40583204520397,0.9930518684215115,0.30806947560874265,0.0,0.08563972664744787,0.08563972664744787,9.644360863670883,9.615640605561769,6.12118895997101,0.48811700182815293,0,0.06623215590251999,True,False
tcpdump,0.05,0.2,0.0,0.10566727605118824,0.40061728395061724,15433.504957087767,14996.527086027188,454.40583204520397,0.9930518684215115,0.30806947560874265,0.0,0.08563972664744787,0.08563972664744787,9.644360863670883,9.615640605561769,6.12118895997101,0.5283363802559412,1,0.06623215590251999,True,False
tcpdump,0.1,0.05,0.0,0.0069287020109688995,0.1722222222222222,15433.504957087767,14996.527086027188,454.40583204520397,0.9930518684215115,0.30806947560874265,0.0,0.08563972664744787,0.08563972664744787,9.644360863670883,9.615640605561769,6.12118895997101,0.13857404021937797,0,0.06623215590251999,True,False
tcpdump,0.1,0.1,0.0,0.0488117001828153,0.2777777777777778,15433.504957087767,14996.527086027188,454.40583204520397,0.9930518684215115,0.30806947560874265,0.0,0.08563972664744787,0.08563972664744787,9.644360863670883,9.615640605561769,6.12118895997101,0.48811700182815293,0,0.06623215590251999,True,False
tcpdump,0.1,0.2,0.0,0.10566727605118824,0.45925925925925926,15433.504957087767,14996.527086027188,454.40583204520397,0.9930518684215115,0.30806947560874265,0.0,0.08563972664744787,0.08563972664744787,9.644360863670883,9.615640605561769,6.12118895997101,0.5283363802559412,1,0.06623215590251999,True,False
tensorflow,0.01,0.05,0.0,0.0085236570615439,0.07972531066056238,6327.558351236439,6155.61283803399,253.76200923849655,0.9931105171658566,0.37808979317302843,0.00010509500588532033,0.09637206213587729,0.09637206213587729,8.75282774057973,8.72528204134142,5.540329812261579,0.170473141230878,0,0.6954246667073694,False,True
tensorflow,0.01,0.1,0.0,0.04322305229455706,0.1759973839110529,6327.558351236439,6155.61283803399,253.76200923849655,0.9931105171658566,0.37808979317302843,0.00010509500588532033,0.09637206213587729,0.09637206213587729,8.75282774057973,8.72528204134142,5.540329812261579,0.43223052294557057,0,0.6954246667073694,False,True
tensorflow,0.01,0.2,0.0,0.11405193881181071,0.3553302812295618,6327.558351236439,6155.61283803399,253.76200923849655,0.9931105171658566,0.37808979317302843,0.00010509500588532033,0.09637206213587729,0.09637206213587729,8.75282774057973,8.72528204134142,5.540329812261579,0.5702596940590535,1,0.6954246667073694,False,True
tensorflow,0.05,0.05,0.0,0.0085236570615439,0.17455853499018964,6327.558351236439,6155.61283803399,253.76200923849655,0.9931105171658566,0.37808979317302843,0.00010509500588532033,0.09637206213587729,0.09637206213587729,8.75282774057973,8.72528204134142,5.540329812261579,0.170473141230878,0,0.6954246667073694,False,True
tensorflow,0.05,0.1,0.0,0.04322305229455706,0.27083060824068017,6327.558351236439,6155.61283803399,253.76200923849655,0.9931105171658566,0.37808979317302843,0.00010509500588532033,0.09637206213587729,0.09637206213587729,8.75282774057973,8.72528204134142,5.540329812261579,0.43223052294557057,0,0.6954246667073694,False,True
tensorflow,0.05,0.2,0.0,0.11405193881181071,0.45016350555918894,6327.558351236439,6155.61283803399,253.76200923849655,0.9931105171658566,0.37808979317302843,0.00010509500588532033,0.09637206213587729,0.09637206213587729,8.75282774057973,8.72528204134142,5.540329812261579,0.5702596940590535,1,0.6954246667073694,False,True
tensorflow,0.1,0.05,0.0,0.0085236570615439,0.30902550686723346,6327.558351236439,6155.61283803399,253.76200923849655,0.9931105171658566,0.37808979317302843,0.00010509500588532033,0.09637206213587729,0.09637206213587729,8.75282774057973,8.72528204134142,5.540329812261579,0.170473141230878,0,0.6954246667073694,False,True
tensorflow,0.1,0.1,0.0,0.04322305229455706,0.405297580117724,6327.558351236439,6155.61283803399,253.76200923849655,0.9931105171658566,0.37808979317302843,0.00010509500588532033,0.09637206213587729,0.09637206213587729,8.75282774057973,8.72528204134142,5.540329812261579,0.43223052294557057,0,0.6954246667073694,False,True
tensorflow,0.1,0.2,0.0,0.11405193881181071,0.5846304774362329,6327.558351236439,6155.61283803399,253.76200923849655,0.9931105171658566,0.37808979317302843,0.00010509500588532033,0.09637206213587729,0.09637206213587729,8.75282774057973,8.72528204134142,5.540329812261579,0.5702596940590535,1,0.6954246667073694,False,True
vim,0.01,0.05,0.0,0.0135627530364372,0.08977864583333331,11627.95711587874,11208.888796195564,448.2161956599343,0.995907264672991,0.34794497496950066,0.0,0.07559193940862524,0.07559193940862524,9.361253569598459,9.324551595963083,6.107504276666555,0.271255060728744,0,0.5061464665757406,False,True
vim,0.01,0.1,0.0,0.038326585695006674,0.16783854166666665,11627.95711587874,11208.888796195564,448.2161956599343,0.995907264672991,0.34794497496950066,0.0,0.07559193940862524,0.07559193940862524,9.361253569598459,9.324551595963083,6.107504276666555,0.3832658569500667,0,0.5061464665757406,False,True
vim,0.01,0.2,0.0,0.08016194331983802,0.31243489583333334,11627.95711587874,11208.888796195564,448.2161956599343,0.995907264672991,0.34794497496950066,0.0,0.07559193940862524,0.07559193940862524,9.361253569598459,9.324551595963083,6.107504276666555,0.40080971659919007,0,0.5061464665757406,False,True
vim,0.05,0.05,0.0,0.0135627530364372,0.19244791666666664,11627.95711587874,11208.888796195564,448.2161956599343,0.995907264672991,0.34794497496950066,0.0,0.07559193940862524,0.07559193940862524,9.361253569598459,9.324551595963083,6.107504276666555,0.271255060728744,0,0.5061464665757406,False,True
vim,0.05,0.1,0.0,0.038326585695006674,0.2705078125,11627.95711587874,11208.888796195564,448.2161956599343,0.995907264672991,0.34794497496950066,0.0,0.07559193940862524,0.07559193940862524,9.361253569598459,9.324551595963083,6.107504276666555,0.3832658569500667,0,0.5061464665757406,False,True
vim,0.05,0.2,0.0,0.08016194331983802,0.4151041666666667,11627.95711587874,11208.888796195564,448.2161956599343,0.995907264672991,0.34794497496950066,0.0,0.07559193940862524,0.07559193940862524,9.361253569598459,9.324551595963083,6.107504276666555,0.40080971659919007,0,0.5061464665757406,False,True
vim,0.1,0.05,0.0,0.0135627530364372,0.347265625,11627.95711587874,11208.888796195564,448.2161956599343,0.995907264672991,0.34794497496950066,0.0,0.07559193940862524,0.07559193940862524,9.361253569598459,9.324551595963083,6.107504276666555,0.271255060728744,0,0.5061464665757406,False,True
vim,0.1,0.1,0.0,0.038326585695006674,0.4253255208333333,11627.95711587874,11208.888796195564,448.2161956599343,0.995907264672991,0.34794497496950066,0.0,0.07559193940862524,0.07559193940862524,9.361253569598459,9.324551595963083,6.107504276666555,0.3832658569500667,0,0.5061464665757406,False,True
vim,0.1,0.2,0.0,0.08016194331983802,0.569921875,11627.95711587874,11208.888796195564,448.2161956599343,0.995907264672991,0.34794497496950066,0.0,0.07559193940862524,0.07559193940862524,9.361253569598459,9.324551595963083,6.107504276666555,0.40080971659919007,0,0.5061464665757406,False,True
