detector,target_group,alpha_vulnerable,alpha_safe,method,max_relative_violation,vulnerable_violation,safe_violation,singleton_coverage,review_load,support_pass_all_seeds,severe_raw_violation
codebert,FreeRDP,0.1,0.2,estimated_weight_no_gate_clip_20,4.035460992907801,0.4035460992907801,0.0,0.7969387755102041,0.2030612244897959,True,True
codebert,envoy,0.1,0.2,estimated_weight_no_gate_clip_20,1.795275590551181,0.1795275590551181,0.061704681872749,0.6111957349581112,0.3888042650418888,True,True
codebert,ffmpeg,0.1,0.2,estimated_weight_no_gate_clip_20,0.6762672811059908,0.0,0.1352534562211981,0.7100712105798576,0.2899287894201424,True,True
codebert,ghostpdl,0.1,0.2,estimated_weight_no_gate_clip_20,1.6605504587155964,0.1660550458715596,0.0,0.6978798586572438,0.3021201413427561,True,True
codebert,imagemagick,0.1,0.2,estimated_weight_no_gate_clip_20,1.1333333333333333,0.1133333333333333,0.0298136645962732,0.6883780332056194,0.3116219667943806,False,True
codebert,jasper,0.1,0.2,estimated_weight_no_gate_clip_20,0.921182266009852,0.0921182266009852,0.0839506172839505,0.7680921052631579,0.2319078947368421,True,True
codebert,krb5,0.1,0.2,estimated_weight_no_gate_clip_20,0.694915254237288,0.0694915254237288,0.0761394101876675,0.670061099796334,0.329938900203666,True,True
codebert,librsvg,0.1,0.2,estimated_weight_no_gate_clip_20,5.842105263157895,0.5842105263157895,0.0,0.7791044776119403,0.2208955223880597,True,True
codebert,libtpms,0.1,0.2,estimated_weight_no_gate_clip_20,1.201834862385321,0.1201834862385321,0.0,0.436734693877551,0.563265306122449,True,True
codebert,libxml2,0.1,0.2,estimated_weight_no_gate_clip_20,0.6176470588235294,0.0617647058823529,0.0707900207900207,0.7009708737864078,0.2990291262135922,True,True
codebert,linux,0.1,0.2,estimated_weight_no_gate_clip_20,1.9254617414248016,0.1925461741424801,0.0,0.713027634375949,0.286972365624051,True,True
codebert,mongo,0.1,0.2,estimated_weight_no_gate_clip_20,3.375,0.3375,0.05168986083499,0.9859154929577464,0.0140845070422534,False,True
codebert,mysql-server,0.1,0.2,estimated_weight_no_gate_clip_20,0.7605633802816899,0.076056338028169,0.0,0.8238665971860344,0.1761334028139656,True,True
codebert,net,0.1,0.2,estimated_weight_no_gate_clip_20,0.0344827586206895,0.0034482758620689,0.0,0.6961325966850829,0.3038674033149171,True,False
codebert,openssl,0.1,0.2,estimated_weight_no_gate_clip_20,0.929203539823009,0.0929203539823008,0.0,0.7309283088235294,0.2690716911764705,True,True
codebert,php,0.1,0.2,estimated_weight_no_gate_clip_20,1.2662889518413596,0.1266288951841359,0.0,0.7706013363028953,0.2293986636971046,True,True
codebert,postgres,0.1,0.2,estimated_weight_no_gate_clip_20,0.179110567115463,0.0168831168831168,0.0358221134230926,0.7677543186180422,0.2322456813819577,True,False
codebert,qemu,0.1,0.2,estimated_weight_no_gate_clip_20,3.674556213017751,0.3674556213017751,0.0,0.8356112376613517,0.1643887623386484,True,True
codebert,qpdf,0.1,0.2,estimated_weight_no_gate_clip_20,2.8602941176470584,0.2860294117647058,0.0,0.8404255319148938,0.1595744680851064,True,True
codebert,radare2,0.1,0.2,estimated_weight_no_gate_clip_20,2.8095238095238093,0.2809523809523809,0.0,0.7763975155279503,0.2236024844720497,True,True
codebert,samba,0.1,0.2,estimated_weight_no_gate_clip_20,1.222222222222222,0.1222222222222222,0.0049891540130151,0.7185109637939827,0.2814890362060173,True,True
codebert,tcpdump,0.1,0.2,estimated_weight_no_gate_clip_20,2.827751196172249,0.2827751196172249,0.0,0.6658878504672897,0.3341121495327103,True,True
codebert,tensorflow,0.1,0.2,estimated_weight_no_gate_clip_20,0.335417597141581,0.0255707762557077,0.0670835194283162,0.7736271946208443,0.2263728053791557,True,False
codebert,vim,0.1,0.2,estimated_weight_no_gate_clip_20,2.0172413793103448,0.2017241379310344,0.0,0.7670157068062827,0.2329842931937172,True,True
hashing,FreeRDP,0.1,0.2,estimated_weight_no_gate_clip_20,0.1219858156028368,0.0121985815602836,0.0,0.3910204081632652,0.6089795918367347,True,False
hashing,envoy,0.1,0.2,estimated_weight_no_gate_clip_20,0.6692913385826772,0.0669291338582676,0.0,0.4258568164508758,0.5741431835491241,False,True
hashing,ffmpeg,0.1,0.2,estimated_weight_no_gate_clip_20,0.3294930875576036,0.0,0.0658986175115206,0.5086469989827059,0.491353001017294,False,False
hashing,ghostpdl,0.1,0.2,estimated_weight_no_gate_clip_20,1.055045871559633,0.1055045871559632,0.012121212121212,0.602826855123675,0.397173144876325,False,True
hashing,imagemagick,0.1,0.2,estimated_weight_no_gate_clip_20,0.670807453416149,0.0,0.1341614906832297,0.5371647509578544,0.4628352490421455,False,True
hashing,jasper,0.1,0.2,estimated_weight_no_gate_clip_20,0.1185185185185184,0.0,0.0237037037037036,0.5108552631578946,0.4891447368421052,True,False
hashing,krb5,0.1,0.2,estimated_weight_no_gate_clip_20,0.6610169491525423,0.0661016949152541,0.0225201072386058,0.5458248472505092,0.4541751527494908,False,True
hashing,librsvg,0.1,0.2,estimated_weight_no_gate_clip_20,2.557894736842105,0.2557894736842104,0.0215652173913043,0.508955223880597,0.491044776119403,False,True
hashing,libtpms,0.1,0.2,estimated_weight_no_gate_clip_20,0.0,0.0,0.0,0.1644897959183673,0.8355102040816327,True,False
hashing,libxml2,0.1,0.2,estimated_weight_no_gate_clip_20,0.475051975051975,0.0,0.0950103950103949,0.5679611650485437,0.4320388349514563,False,False
hashing,linux,0.1,0.2,estimated_weight_no_gate_clip_20,0.5623019762354714,0.0552110817941952,0.0357749682252992,0.564190707561494,0.4358092924385059,False,True
hashing,mongo,0.1,0.2,estimated_weight_no_gate_clip_20,1.2499999999999998,0.1249999999999999,0.0,0.504225352112676,0.4957746478873239,False,True
hashing,mysql-server,0.1,0.2,estimated_weight_no_gate_clip_20,0.067099567099567,0.0,0.0134199134199133,0.6953100573215216,0.3046899426784783,True,False
hashing,net,0.1,0.2,estimated_weight_no_gate_clip_20,0.0068965517241379,0.0006896551724137,0.0,0.6203314917127072,0.3796685082872928,True,False
hashing,openssl,0.1,0.2,estimated_weight_no_gate_clip_20,0.4916820702402956,0.0157522123893804,0.0983364140480591,0.6833639705882353,0.3166360294117646,True,False
hashing,php,0.1,0.2,estimated_weight_no_gate_clip_20,0.4447592067988668,0.0444759206798866,0.0,0.5631403118040089,0.4368596881959911,True,False
hashing,postgres,0.1,0.2,estimated_weight_no_gate_clip_20,0.1605652609324578,0.0135064935064934,0.0129090167278661,0.6579654510556623,0.3420345489443377,True,False
hashing,qemu,0.1,0.2,estimated_weight_no_gate_clip_20,1.1242603550295855,0.1124260355029585,0.0,0.6245254365983295,0.3754745634016704,False,True
hashing,qpdf,0.1,0.2,estimated_weight_no_gate_clip_20,0.6691176470588235,0.0669117647058823,0.0233817701453103,0.6071668533034714,0.3928331466965285,False,True
hashing,radare2,0.1,0.2,estimated_weight_no_gate_clip_20,0.1415857605177992,0.0042857142857142,0.0269070735090152,0.4403726708074534,0.5596273291925467,True,False
hashing,samba,0.1,0.2,estimated_weight_no_gate_clip_20,0.0,0.0,0.0,0.485874553799082,0.5141254462009179,True,False
hashing,tcpdump,0.1,0.2,estimated_weight_no_gate_clip_20,1.0639269406392693,0.0,0.2127853881278538,0.4771028037383177,0.5228971962616822,True,True
hashing,tensorflow,0.1,0.2,estimated_weight_no_gate_clip_20,0.0117016525234479,0.0,0.0023403305046895,0.3991034740381023,0.6008965259618976,True,False
hashing,vim,0.1,0.2,estimated_weight_no_gate_clip_20,0.5172413793103448,0.0517241379310344,0.0230612244897958,0.5087041884816753,0.4912958115183246,True,True
